Workbook
Name Segment_Puits: #N/A
Name Segment_Puits2: #N/A

Sheet Puits
A1: Puits | B1: Réservoir | C1: Zone | D1: Boosting | E1: Module | F1: Collecteur
A2: DJB001B | B2: Trias | C2: DJB | D2: SBS | E2: MPP2 | F2: DJB
A3: DJB002 | B3: Trias | C3: DJB | D3: SBS | E3: MPP2 | F3: DJB
A4: DJBW001B | B4: Trias | C4: DJB | D4: SBS | E4: MPP2 | F4: DJB
A5: HR006B | B5: Trias | C5: Sud | D5: SBS | E5: MPP2 | F5: S1
A6: HR007 | B6: Trias | C6: Centre | D6: SBC | E6: MPP4 | F6: E3
A7: HR010 | B7: Trias | C7: Centre | D7: SBC | E7: MPP0 | F7: E5
A8: HR011 | B8: Trias | C8: Centre | D8: SBC | E8: MPP0 | F8: E4
A9: HR012 | B9: Trias | C9: Sud | D9: SBS | E9: MPP2 | F9: S3
A10: HR015 | B10: Trias | C10: Centre | D10: SBC | E10: MPP0 | F10: W7
A11: HR016 | B11: Trias | C11: Centre | D11: SBC | E11: MPP0 | F11: E4
A12: HR017 | B12: Trias | C12: Centre | D12: SBC | E12: MPP0 | F12: W7
... A267: HRS031 | B267: Trias | C267: HRSud | D267: CTGS | E267: CTGS | F267: SS2

Sheet Test_SCADA (C&n)
A28: N° | B28: Puits | C28: Date | D28: Côte de mesure | E28: Qg (Msm3/j) | F28: WHP (bar) | G28: BHT (C°) | H28: BHP (bar) | I28: FGS | J28: S/C | K28: Zone
A29: 1 | B29: HRD001 | C29: 45280 | D29: 2115 | E29: 314 | F29: 36.4 | G29: 78.9 | H29: 56.367762 | I29: non | J29: TRSSSV | K29: =VLOOKUP(SCADA[[#This Row],[Puits]],Puits!$A$1:$F$267,3,FALSE) -> Sud
A30: 1 | B30: HRD001 | C30: 45280 | D30: 2115 | E30: 221 | F30: 37.6 | G30: 79 | H30: 56.701183 | I30: non | J30: TRSSSV | K30: =VLOOKUP(SCADA[[#This Row],[Puits]],Puits!$A$1:$F$267,3,FALSE) -> Sud
A31: 1 | B31: HRD001 | C31: 45280 | D31: 2115 | E31: 193 | F31: 42.8 | G31: 79.1 | H31: 58.191771 | I31: non | J31: TRSSSV | K31: =VLOOKUP(SCADA[[#This Row],[Puits]],Puits!$A$1:$F$267,3,FALSE) -> Sud
A32: 2 | B32: HR108 | C32: 45280 | D32: 2220 | E32: 339 | F32: 39.9 | G32: 82.43 | H32: 52.611872 | I32: non | J32: Déséquipé | K32: =VLOOKUP(SCADA[[#This Row],[Puits]],Puits!$A$1:$F$267,3,FALSE) -> Nord
A33: 2 | B33: HR108 | C33: 45280 | D33: 2220 | E33: 264 | F33: 47.3 | G33: 83.6 | H33: 60.055006 | I33: non | J33: Déséquipé | K33: =VLOOKUP(SCADA[[#This Row],[Puits]],Puits!$A$1:$F$267,3,FALSE) -> Nord
A34: 2 | B34: HR108 | C34: 45280 | D34: 2220 | E34: 137 | F34: 56.5 | G34: 84.75 | H34: 70.234153 | I34: non | J34: Déséquipé | K34: =VLOOKUP(SCADA[[#This Row],[Puits]],Puits!$A$1:$F$267,3,FALSE) -> Nord
A35: 3 | B35: HR109 | C35: 45281 | D35: 2190 | E35: 926 | F35: 41.8 | G35: 86.18 | H35: 56.652151 | I35: non | J35: Déséquipé | K35: =VLOOKUP(SCADA[[#This Row],[Puits]],Puits!$A$1:$F$267,3,FALSE) -> Nord
A36: 3 | B36: HR109 | C36: 45281 | D36: 2190 | E36: 698 | F36: 49.2 | G36: 87.16 | H36: 61.888821 | I36: non | J36: Déséquipé | K36: =VLOOKUP(SCADA[[#This Row],[Puits]],Puits!$A$1:$F$267,3,FALSE) -> Nord
A37: 3 | B37: HR109 | C37: 45281 | D37: 2190 | E37: 279 | F37: 59.7 | G37: 88.28 | H37: 70.665639 | I37: non | J37: Déséquipé | K37: =VLOOKUP(SCADA[[#This Row],[Puits]],Puits!$A$1:$F$267,3,FALSE) -> Nord
A38: 4 | B38: HRD006 | C38: 45281 | D38: 2040 | E38: 384 | F38: 34.8 | G38: 80.6 | H38: 56.612924 | I38: non | J38: équipé | K38: =VLOOKUP(SCADA[[#This Row],[Puits]],Puits!$A$1:$F$267,3,FALSE) -> Sud
A39: 4 | B39: HRD006 | C39: 45281 | D39: 2040 | E39: 316 | F39: 40.8 | G39: 81.2 | H39: 58.466353 | I39: non | J39: équipé | K39: =VLOOKUP(SCADA[[#This Row],[Puits]],Puits!$A$1:$F$267,3,FALSE) -> Sud
A40: 4 | B40: HRD006 | C40: 45281 | D40: 2040 | E40: 250 | F40: 47.9 | G40: 81.6 | H40: 61.251399 | I40: non | J40: équipé | K40: =VLOOKUP(SCADA[[#This Row],[Puits]],Puits!$A$1:$F$267,3,FALSE) -> Sud
... A98: 24 | B98: HRD013 | C98: 45292 | D98: 2140 | E98: 675 | F98: 41.5 | G98: 79.6 | H98: 52.593064 | I98: non | J98: Déséquipé | K98: =VLOOKUP(SCADA[[#This Row],[Puits]],Puits!$A$1:$F$267,3,FALSE) -> Sud
A99: 24 | B99: HRD013 | C99: 45292 | D99: 2140 | E99: 548 | F99: =+G99-12 -> 68.5 | G99: 80.5 | H99: 55.574286 | I99: non | J99: Déséquipé | K99: =VLOOKUP(SCADA[[#This Row],[Puits]],Puits!$A$1:$F$267,3,FALSE) -> Sud
A100: 24 | B100: HRD013 | C100: 45292 | D100: 2140 | E100: 448 | F100: =+G100-11.5 -> 69.5 | G100: 81 | H100: 57.810202 | I100: non | J100: Déséquipé | K100: =VLOOKUP(SCADA[[#This Row],[Puits]],Puits!$A$1:$F$267,3,FALSE) -> Sud
A101: 25 | B101: HR081 | C101: 45292 | D101: 1980 | E101: 449 | F101: 34.9 | G101: 85 | H101: 51.837952 | I101: non | J101: équipé | K101: =VLOOKUP(SCADA[[#This Row],[Puits]],Puits!$A$1:$F$267,3,FALSE) -> Nord
A102: 25 | B102: HR081 | C102: 45292 | D102: 1980 | E102: 371 | F102: 43.8 | G102: 86 | H102: 57.486582 | I102: non | J102: équipé | K102: =VLOOKUP(SCADA[[#This Row],[Puits]],Puits!$A$1:$F$267,3,FALSE) -> Nord
A103: 25 | B103: HR081 | C103: 45292 | D103: 1980 | E103: 270 | F103: 52.6 | G103: 87 | H103: 63.880518 | I103: non | J103: équipé | K103: =VLOOKUP(SCADA[[#This Row],[Puits]],Puits!$A$1:$F$267,3,FALSE) -> Nord
A104: 26 | B104: HR142 | C104: 45293 | D104: 2180 | E104: 850 | F104: 43.1 | G104: 84.7 | H104: 61.517115 | I104: non | J104: Déséquipé | K104: =VLOOKUP(SCADA[[#This Row],[Puits]],Puits!$A$1:$F$267,3,FALSE) -> Sud
A105: 26 | B105: HR142 | C105: 45293 | D105: 2180 | E105: 770 | F105: 47.6 | G105: 85.6 | H105: 64.54737 | I105: non | J105: Déséquipé | K105: =VLOOKUP(SCADA[[#This Row],[Puits]],Puits!$A$1:$F$267,3,FALSE) -> Sud
A106: 26 | B106: HR142 | C106: 45293 | D106: 2180 | E106: 670 | F106: 54 | G106: 86.3 | H106: 66.8029 | I106: non | J106: Déséquipé | K106: =VLOOKUP(SCADA[[#This Row],[Puits]],Puits!$A$1:$F$267,3,FALSE) -> Sud
A107: 27 | B107: HR125 | C107: 45294 | D107: 2200 | E107: 637 | F107: 36.4 | G107: 89.5 | H107: 62.487974 | I107: non | J107: Déséquipé | K107: =VLOOKUP(SCADA[[#This Row],[Puits]],Puits!$A$1:$F$267,3,FALSE) -> Nord
A108: 27 | B108: HR125 | C108: 45294 | D108: 2200 | E108: 475 | F108: 53.8 | G108: 91.8 | H108: 71.441445 | I108: non | J108: Déséquipé | K108: =VLOOKUP(SCADA[[#This Row],[Puits]],Puits!$A$1:$F$267,3,FALSE) -> Nord
A109: 27 | B109: HR125 | C109: 45294 | D109: 2200 | E109: 330 | F109: 63 | G109: 93.2 | H109: 77.698088 | I109: non | J109: Déséquipé | K109: =VLOOKUP(SCADA[[#This Row],[Puits]],Puits!$A$1:$F$267,3,FALSE) -> Nord
A110: 28 | B110: HR006B | C110: 45295 | D110: 2165 | E110: 621 | F110: 36 | G110: 85 | H110: 66.734253 | I110: non | J110: Déséquipé | K110: =VLOOKUP(SCADA[[#This Row],[Puits]],Puits!$A$1:$F$267,3,FALSE) -> Sud
A111: 28 | B111: HR006B | C111: 45295 | D111: 2165 | E111: 530 | F111: 45.4 | G111: 85.7 | H111: 68.921136 | I111: non | J111: Déséquipé | K111: =VLOOKUP(SCADA[[#This Row],[Puits]],Puits!$A$1:$F$267,3,FALSE) -> Sud
A112: 28 | B112: HR006B | C112: 45295 | D112: 2165 | E112: 319 | F112: 58.8 | G112: 86.7 | H112: 72.843796 | I112: non | J112: Déséquipé | K112: =VLOOKUP(SCADA[[#This Row],[Puits]],Puits!$A$1:$F$267,3,FALSE) -> Sud
... A265: 79 | B265: HR075 | C265: 45496 | D265: 2160 | E265: 838 | F265: 54.2 | G265: 85.031 | H265: 64.771005 | I265: non | J265: Déséquipé | K265: =VLOOKUP(SCADA[[#This Row],[Puits]],Puits!$A$1:$F$267,3,FALSE) -> Sud

Sheet Test_Séparateur (C&n)
A28: N° | B28: Puits | C28: Date | D28: Côte de mesure | E28: Qg (Msm3/j) | F28: Qc (sm3/j) | G28: Qw (sm3/j) | H28: WHP (bar) | I28: WHT (C°) | J28: BHT (C°) | K28: BHP (bar) | L28: FGS | M28: S/C | N28: Zone | O28: WGR | P28: CGR | Q28: do (g/cm3) | R28: dg (g/cm3) | S28: Salinité eau (g/l)
A29: 1 | B29: HR057 | C29: 45265 | D29: 2045 | E29: 153.229 | F29: 3.3 | G29: 0 | H29: 42.402757 | I29: 43.333333 | J29: 84 | K29: 50.997762 | L29: non | M29: équipé | N29: =VLOOKUP(Séparateur[[#This Row],[Puits]],Puits!$A$1:$F$267,3,FALSE) -> Centre | O29: =(Séparateur[[#This Row],[Qw (sm3/j)]]/(Séparateur[[#This Row],[Qg (Msm3/j)]]*1000))*1000000 -> 0 | P29: =(Séparateur[[#This Row],[Qc (sm3/j)]]/(Séparateur[[#This Row],[Qg (Msm3/j)]]*1000))*1000000 -> 21.536393 | Q29: 0.73 | R29: 0.667 | S29: 0
A30: 1 | B30: HR057 | C30: 45265 | D30: 2045 | E30: 121.205 | F30: 1.6 | G30: 0 | H30: 48.883829 | I30: 47.777778 | J30: 85.6 | K30: 58.275178 | L30: non | M30: équipé | N30: =VLOOKUP(Séparateur[[#This Row],[Puits]],Puits!$A$1:$F$267,3,FALSE) -> Centre | O30: =(Séparateur[[#This Row],[Qw (sm3/j)]]/(Séparateur[[#This Row],[Qg (Msm3/j)]]*1000))*1000000 -> 0 | P30: =(Séparateur[[#This Row],[Qc (sm3/j)]]/(Séparateur[[#This Row],[Qg (Msm3/j)]]*1000))*1000000 -> 13.200776 | Q30: 0.74 | R30: 0.667 | S30: 0
A31: 1 | B31: HR057 | C31: 45265 | D31: 2045 | E31: 75.076 | F31: 1.1 | G31: 0 | H31: 53.98595 | I31: 46.666667 | J31: 85.1 | K31: 63.880616 | L31: oui | M31: équipé | N31: =VLOOKUP(Séparateur[[#This Row],[Puits]],Puits!$A$1:$F$267,3,FALSE) -> Centre | O31: =(Séparateur[[#This Row],[Qw (sm3/j)]]/(Séparateur[[#This Row],[Qg (Msm3/j)]]*1000))*1000000 -> 0 | P31: =(Séparateur[[#This Row],[Qc (sm3/j)]]/(Séparateur[[#This Row],[Qg (Msm3/j)]]*1000))*1000000 -> 14.651819 | Q31: 0.72 | R31: 0.667 | S31: 0
A32: 2 | B32: HR200 | C32: 45271 | D32: 2000 | E32: 237.636 | F32: 2.67 | G32: 46.08 | H32: 37.24 | J32: 78.2 | K32: 60.378079 | L32: oui | M32: Déséquipé | N32: =VLOOKUP(Séparateur[[#This Row],[Puits]],Puits!$A$1:$F$267,3,FALSE) -> Sud | O32: =(Séparateur[[#This Row],[Qw (sm3/j)]]/(Séparateur[[#This Row],[Qg (Msm3/j)]]*1000))*1000000 -> 193.91001 | P32: =(Séparateur[[#This Row],[Qc (sm3/j)]]/(Séparateur[[#This Row],[Qg (Msm3/j)]]*1000))*1000000 -> 11.235671 | Q32: 0.727 | R32: 0.67 | S32: 356
A33: 2 | B33: HR200 | C33: 45271 | D33: 2000 | E33: 200.03 | F33: 2.23 | G33: 40.8 | H33: 41.4 | J33: 78.6 | K33: 62.532001 | L33: non | M33: Déséquipé | N33: =VLOOKUP(Séparateur[[#This Row],[Puits]],Puits!$A$1:$F$267,3,FALSE) -> Sud | O33: =(Séparateur[[#This Row],[Qw (sm3/j)]]/(Séparateur[[#This Row],[Qg (Msm3/j)]]*1000))*1000000 -> 203.9694 | P33: =(Séparateur[[#This Row],[Qc (sm3/j)]]/(Séparateur[[#This Row],[Qg (Msm3/j)]]*1000))*1000000 -> 11.148328 | Q33: 0.729 | R33: 0.67 | S33: 351
A34: 2 | B34: HR200 | C34: 45271 | D34: 2000 | E34: 106.163 | F34: 1.13 | G34: 4.8 | H34: 46.9 | J34: 78.8 | K34: 66.152438 | L34: non | M34: Déséquipé | N34: =VLOOKUP(Séparateur[[#This Row],[Puits]],Puits!$A$1:$F$267,3,FALSE) -> Sud | O34: =(Séparateur[[#This Row],[Qw (sm3/j)]]/(Séparateur[[#This Row],[Qg (Msm3/j)]]*1000))*1000000 -> 45.213492 | P34: =(Séparateur[[#This Row],[Qc (sm3/j)]]/(Séparateur[[#This Row],[Qg (Msm3/j)]]*1000))*1000000 -> 10.64401 | Q34: 0.726 | R34: 0.67 | S34: 353
A35: 3 | B35: HR055 | C35: 45317 | D35: 2030 | E35: 411.413 | F35: 4.36 | G35: 0 | H35: 37.093794 | I35: 62.777778 | J35: 83.2 | K35: 45.941836 | L35: oui | M35: Déséquipé | N35: =VLOOKUP(Séparateur[[#This Row],[Puits]],Puits!$A$1:$F$267,3,FALSE) -> Centre | O35: =(Séparateur[[#This Row],[Qw (sm3/j)]]/(Séparateur[[#This Row],[Qg (Msm3/j)]]*1000))*1000000 -> 0 | P35: =(Séparateur[[#This Row],[Qc (sm3/j)]]/(Séparateur[[#This Row],[Qg (Msm3/j)]]*1000))*1000000 -> 10.597623 | Q35: 0.745 | R35: 0.67 | S35: -
A36: 3 | B36: HR055 | C36: 45318 | D36: 2030 | E36: 307.694 | F36: 3.63 | G36: 0 | H36: 46.677507 | I36: 55 | J36: 86 | K36: 55.802718 | L36: oui | M36: Déséquipé | N36: =VLOOKUP(Séparateur[[#This Row],[Puits]],Puits!$A$1:$F$267,3,FALSE) -> Centre | O36: =(Séparateur[[#This Row],[Qw (sm3/j)]]/(Séparateur[[#This Row],[Qg (Msm3/j)]]*1000))*1000000 -> 0 | P36: =(Séparateur[[#This Row],[Qc (sm3/j)]]/(Séparateur[[#This Row],[Qg (Msm3/j)]]*1000))*1000000 -> 11.797435 | Q36: 0.734 | R36: 0.67 | S36: 49.72
A37: 3 | B37: HR055 | C37: 45318 | D37: 2030 | E37: 204.89 | F37: 2.78 | G37: 0 | H37: 51.71068 | I37: 57.777778 | J37: 87.2 | K37: 61.051007 | L37: oui | M37: Déséquipé | N37: =VLOOKUP(Séparateur[[#This Row],[Puits]],Puits!$A$1:$F$267,3,FALSE) -> Centre | O37: =(Séparateur[[#This Row],[Qw (sm3/j)]]/(Séparateur[[#This Row],[Qg (Msm3/j)]]*1000))*1000000 -> 0 | P37: =(Séparateur[[#This Row],[Qc (sm3/j)]]/(Séparateur[[#This Row],[Qg (Msm3/j)]]*1000))*1000000 -> 13.568256 | Q37: 0.735 | R37: 0.67 | S37: -
A38: 4 | B38: HRC067 | C38: 45320 | D38: 1915 | E38: 921.484 | F38: 5.37 | G38: 0.96 | H38: 45.988031 | I38: 63.333333 | J38: 87.3 | K38: 58.447547 | L38: oui | M38: équipé | N38: =VLOOKUP(Séparateur[[#This Row],[Puits]],Puits!$A$1:$F$267,3,FALSE) -> Centre | O38: =(Séparateur[[#This Row],[Qw (sm3/j)]]/(Séparateur[[#This Row],[Qg (Msm3/j)]]*1000))*1000000 -> 1.0417978 | P38: =(Séparateur[[#This Row],[Qc (sm3/j)]]/(Séparateur[[#This Row],[Qg (Msm3/j)]]*1000))*1000000 -> 5.8275564 | Q38: 0.745 | R38: 0.67 | S38: 6.084
A39: 4 | B39: HRC067 | C39: 45321 | D39: 1915 | E39: 702.485 | F39: 4.31 | G39: 0 | H39: 49.98699 | I39: 60 | J39: 88 | K39: 61.117887 | L39: oui | M39: équipé | N39: =VLOOKUP(Séparateur[[#This Row],[Puits]],Puits!$A$1:$F$267,3,FALSE) -> Centre | O39: =(Séparateur[[#This Row],[Qw (sm3/j)]]/(Séparateur[[#This Row],[Qg (Msm3/j)]]*1000))*1000000 -> 0 | P39: =(Séparateur[[#This Row],[Qc (sm3/j)]]/(Séparateur[[#This Row],[Qg (Msm3/j)]]*1000))*1000000 -> 6.1353623 | Q39: 0.745 | R39: 0.67 | S39: 0
A40: 4 | B40: HRC067 | C40: 45321 | D40: 1915 | E40: 477.258 | F40: 3.22 | G40: 0 | H40: 53.572264 | I40: 62.777778 | J40: 88.4 | K40: 63.255261 | L40: oui | M40: équipé | N40: =VLOOKUP(Séparateur[[#This Row],[Puits]],Puits!$A$1:$F$267,3,FALSE) -> Centre | O40: =(Séparateur[[#This Row],[Qw (sm3/j)]]/(Séparateur[[#This Row],[Qg (Msm3/j)]]*1000))*1000000 -> 0 | P40: =(Séparateur[[#This Row],[Qc (sm3/j)]]/(Séparateur[[#This Row],[Qg (Msm3/j)]]*1000))*1000000 -> 6.7468749 | Q40: 0.742 | R40: 0.67 | S40: 0
A41: 5 | B41: HR116 | C41: 45322 | D41: 2173 | E41: 350.145 | F41: 5.38 | G41: 0 | H41: 38.610641 | I41: 60 | J41: 87.1 | K41: 56.09 | L41: oui | M41: Déséquipé | N41: =VLOOKUP(Séparateur[[#This Row],[Puits]],Puits!$A$1:$F$267,3,FALSE) -> Nord | O41: =(Séparateur[[#This Row],[Qw (sm3/j)]]/(Séparateur[[#This Row],[Qg (Msm3/j)]]*1000))*1000000 -> 0 | P41: =(Séparateur[[#This Row],[Qc (sm3/j)]]/(Séparateur[[#This Row],[Qg (Msm3/j)]]*1000))*1000000 -> 15.365063 | Q41: 0.733 | R41: 0.67 | S41: 0
A42: 5 | B42: HR116 | C42: 45323 | D42: 2173 | E42: 235.357 | F42: 4.31 | G42: 0 | H42: 44.815922 | I42: 62.222222 | J42: 88.3 | K42: 58.35 | L42: oui | M42: Déséquipé | N42: =VLOOKUP(Séparateur[[#This Row],[Puits]],Puits!$A$1:$F$267,3,FALSE) -> Nord | O42: =(Séparateur[[#This Row],[Qw (sm3/j)]]/(Séparateur[[#This Row],[Qg (Msm3/j)]]*1000))*1000000 -> 0 | P42: =(Séparateur[[#This Row],[Qc (sm3/j)]]/(Séparateur[[#This Row],[Qg (Msm3/j)]]*1000))*1000000 -> 18.312606 | Q42: 0.733 | R42: 0.67 | S42: 0
A43: 5 | B43: HR116 | C43: 45323 | D43: 2173 | E43: 172.983 | F43: 2.89 | G43: 0 | H43: 50.331728 | I43: 62.777778 | J43: 88.7 | K43: 61.24 | L43: oui | M43: Déséquipé | N43: =VLOOKUP(Séparateur[[#This Row],[Puits]],Puits!$A$1:$F$267,3,FALSE) -> Nord | O43: =(Séparateur[[#This Row],[Qw (sm3/j)]]/(Séparateur[[#This Row],[Qg (Msm3/j)]]*1000))*1000000 -> 0 | P43: =(Séparateur[[#This Row],[Qc (sm3/j)]]/(Séparateur[[#This Row],[Qg (Msm3/j)]]*1000))*1000000 -> 16.706844 | Q43: 0.733 | R43: 0.67 | S43: 0
A44: 6 | B44: HR101 | C44: 45325 | D44: 2190 | E44: 691.489 | F44: 4.43 | G44: 0.52 | H44: 49.98699 | I44: 58.888889 | J44: 86.3 | K44: 63.139429 | L44: oui | M44: Déséquipé | N44: =VLOOKUP(Séparateur[[#This Row],[Puits]],Puits!$A$1:$F$267,3,FALSE) -> Nord | O44: =(Séparateur[[#This Row],[Qw (sm3/j)]]/(Séparateur[[#This Row],[Qg (Msm3/j)]]*1000))*1000000 -> 0.75200039 | P44: =(Séparateur[[#This Row],[Qc (sm3/j)]]/(Séparateur[[#This Row],[Qg (Msm3/j)]]*1000))*1000000 -> 6.4064649 | Q44: 0.781 | R44: 0.67 | S44: 5.616
A45: 6 | B45: HR101 | C45: 45325 | D45: 2190 | E45: 524.072 | F45: 2.96 | G45: 0.32 | H45: 55.847534 | I45: 56.666667 | J45: 87.3 | K45: 67.461063 | L45: oui | M45: Déséquipé | N45: =VLOOKUP(Séparateur[[#This Row],[Puits]],Puits!$A$1:$F$267,3,FALSE) -> Nord | O45: =(Séparateur[[#This Row],[Qw (sm3/j)]]/(Séparateur[[#This Row],[Qg (Msm3/j)]]*1000))*1000000 -> 0.61060312 | P45: =(Séparateur[[#This Row],[Qc (sm3/j)]]/(Séparateur[[#This Row],[Qg (Msm3/j)]]*1000))*1000000 -> 5.6480789 | Q45: 0.781 | R45: 0.67 | S45: 3.276
A46: 6 | B46: HR101 | C46: 45326 | D46: 2190 | E46: 363.453 | F46: 2.22 | G46: 0 | H46: 59.984388 | I46: 55.555556 | J46: 88.1 | K46: 71.781318 | L46: oui | M46: Déséquipé | N46: =VLOOKUP(Séparateur[[#This Row],[Puits]],Puits!$A$1:$F$267,3,FALSE) -> Nord | O46: =(Séparateur[[#This Row],[Qw (sm3/j)]]/(Séparateur[[#This Row],[Qg (Msm3/j)]]*1000))*1000000 -> 0 | P46: =(Séparateur[[#This Row],[Qc (sm3/j)]]/(Séparateur[[#This Row],[Qg (Msm3/j)]]*1000))*1000000 -> 6.10808 | Q46: 0.77 | R46: 0.67 | S46: 0
A47: 7 | B47: HR114 | C47: 45327 | D47: 2170 | E47: 541.869 | F47: 8.64 | G47: 1.12 | H47: 44.815922 | I47: 58.888889 | J47: 89.51 | K47: 69.705996 | L47: oui | M47: Déséquipé | N47: =VLOOKUP(Séparateur[[#This Row],[Puits]],Puits!$A$1:$F$267,3,FALSE) -> Nord | O47: =(Séparateur[[#This Row],[Qw (sm3/j)]]/(Séparateur[[#This Row],[Qg (Msm3/j)]]*1000))*1000000 -> 2.0669202 | P47: =(Séparateur[[#This Row],[Qc (sm3/j)]]/(Séparateur[[#This Row],[Qg (Msm3/j)]]*1000))*1000000 -> 15.944813 | Q47: 0.729 | R47: 0.67 | S47: 140
A48: 7 | B48: HR114 | C48: 45328 | D48: 2170 | E48: 378.301 | F48: 5.53 | G48: 0.72 | H48: 56.950695 | I48: 58.888889 | J48: 91.3 | K48: 76.738649 | L48: oui | M48: Déséquipé | N48: =VLOOKUP(Séparateur[[#This Row],[Puits]],Puits!$A$1:$F$267,3,FALSE) -> Nord | O48: =(Séparateur[[#This Row],[Qw (sm3/j)]]/(Séparateur[[#This Row],[Qg (Msm3/j)]]*1000))*1000000 -> 1.9032464 | P48: =(Séparateur[[#This Row],[Qc (sm3/j)]]/(Séparateur[[#This Row],[Qg (Msm3/j)]]*1000))*1000000 -> 14.617989 | Q48: 0.724 | R48: 0.67 | S48: 0
A49: 7 | B49: HR114 | C49: 45328 | D49: 2170 | E49: 248.679 | F49: 2.95 | G49: 0.31 | H49: 65.155456 | I49: 58.888889 | J49: 92.1 | K49: 80.323922 | L49: oui | M49: Déséquipé | N49: =VLOOKUP(Séparateur[[#This Row],[Puits]],Puits!$A$1:$F$267,3,FALSE) -> Nord | O49: =(Séparateur[[#This Row],[Qw (sm3/j)]]/(Séparateur[[#This Row],[Qg (Msm3/j)]]*1000))*1000000 -> 1.246587 | P49: =(Séparateur[[#This Row],[Qc (sm3/j)]]/(Séparateur[[#This Row],[Qg (Msm3/j)]]*1000))*1000000 -> 11.862682 | Q49: 0.724 | R49: 0.67 | S49: 117
... A91: 21 | B91: HR016 | C91: 45347 | D91: 2130 | E91: 527.42 | F91: 6.24 | G91: 0.48 | H91: 54.192792 | I91: 63.333333 | J91: 90.6 | K91: 65.106504 | L91: oui | M91: Déséquipé | N91: =VLOOKUP(Séparateur[[#This Row],[Puits]],Puits!$A$1:$F$267,3,FALSE) -> Centre | O91: =(Séparateur[[#This Row],[Qw (sm3/j)]]/(Séparateur[[#This Row],[Qg (Msm3/j)]]*1000))*1000000 -> 0.91009063 | P91: =(Séparateur[[#This Row],[Qc (sm3/j)]]/(Séparateur[[#This Row],[Qg (Msm3/j)]]*1000))*1000000 -> 11.831178 | Q91: 0.745 | R91: 0.668 | S91: 0
A92: 22 | B92: HRC069 | C92: 45349 | D92: 2120 | E92: 754.624 | F92: 3.44 | G92: 1.44 | H92: 40.748016 | J92: 88.5234 | K92: 68.086004 | L92: oui | M92: TRSSSV | N92: =VLOOKUP(Séparateur[[#This Row],[Puits]],Puits!$A$1:$F$267,3,FALSE) -> Centre | O92: =(Séparateur[[#This Row],[Qw (sm3/j)]]/(Séparateur[[#This Row],[Qg (Msm3/j)]]*1000))*1000000 -> 1.9082351 | P92: =(Séparateur[[#This Row],[Qc (sm3/j)]]/(Séparateur[[#This Row],[Qg (Msm3/j)]]*1000))*1000000 -> 4.5585616 | Q92: 0.777 | R92: 0.682 | S92: 0
A93: 22 | B93: HRC069 | C93: 45349 | D93: 2120 | E93: 563.608 | F93: 3 | G93: 1.2 | H93: 49.849095 | J93: 88.8234 | K93: 69.027828 | L93: non | M93: TRSSSV | N93: =VLOOKUP(Séparateur[[#This Row],[Puits]],Puits!$A$1:$F$267,3,FALSE) -> Centre | O93: =(Séparateur[[#This Row],[Qw (sm3/j)]]/(Séparateur[[#This Row],[Qg (Msm3/j)]]*1000))*1000000 -> 2.1291394 | P93: =(Séparateur[[#This Row],[Qc (sm3/j)]]/(Séparateur[[#This Row],[Qg (Msm3/j)]]*1000))*1000000 -> 5.3228485 | Q93: 0.77 | R93: 0.682 | S93: 0
A94: 22 | B94: HRC069 | C94: 45349 | D94: 2120 | E94: 372.079 | F94: 2.16 | G94: 0.36 | H94: 55.985429 | J94: 88.9234 | K94: 69.78763 | L94: oui | M94: TRSSSV | N94: =VLOOKUP(Séparateur[[#This Row],[Puits]],Puits!$A$1:$F$267,3,FALSE) -> Centre | O94: =(Séparateur[[#This Row],[Qw (sm3/j)]]/(Séparateur[[#This Row],[Qg (Msm3/j)]]*1000))*1000000 -> 0.96753646 | P94: =(Séparateur[[#This Row],[Qc (sm3/j)]]/(Séparateur[[#This Row],[Qg (Msm3/j)]]*1000))*1000000 -> 5.8052188 | Q94: 0.771 | R94: 0.684 | S94: 0
A95: 23 | B95: HR095 | C95: 45349 | D95: 2050 | E95: 466.039 | F95: 7.75 | G95: 0.52 | H95: 40.816963 | I95: 59.444444 | J95: 84.978 | K95: 51.105527 | L95: oui | M95: équipé | N95: =VLOOKUP(Séparateur[[#This Row],[Puits]],Puits!$A$1:$F$267,3,FALSE) -> Centre | O95: =(Séparateur[[#This Row],[Qw (sm3/j)]]/(Séparateur[[#This Row],[Qg (Msm3/j)]]*1000))*1000000 -> 1.1157864 | P95: =(Séparateur[[#This Row],[Qc (sm3/j)]]/(Séparateur[[#This Row],[Qg (Msm3/j)]]*1000))*1000000 -> 16.62951 | Q95: 0.744 | R95: 0.67 | S95: 0
A96: 23 | B96: HR095 | C96: 45349 | D96: 2050 | E96: 362.422 | F96: 4.77 | G96: 0.4 | H96: 47.573825 | I96: 55 | J96: 86.572 | K96: 57.352384 | L96: oui | M96: équipé | N96: =VLOOKUP(Séparateur[[#This Row],[Puits]],Puits!$A$1:$F$267,3,FALSE) -> Centre | O96: =(Séparateur[[#This Row],[Qw (sm3/j)]]/(Séparateur[[#This Row],[Qg (Msm3/j)]]*1000))*1000000 -> 1.1036858 | P96: =(Séparateur[[#This Row],[Qc (sm3/j)]]/(Séparateur[[#This Row],[Qg (Msm3/j)]]*1000))*1000000 -> 13.161453 | Q96: 0.739 | R96: 0.67 | S96: 0
A97: 23 | B97: HR095 | C97: 44985 | D97: 2050 | E97: 235.523 | F97: 1.488 | G97: 0.2 | H97: 53.917002 | I97: 50 | J97: 87.517 | K97: 63.774505 | L97: oui | M97: équipé | N97: =VLOOKUP(Séparateur[[#This Row],[Puits]],Puits!$A$1:$F$267,3,FALSE) -> Centre | O97: =(Séparateur[[#This Row],[Qw (sm3/j)]]/(Séparateur[[#This Row],[Qg (Msm3/j)]]*1000))*1000000 -> 0.84917397 | P97: =(Séparateur[[#This Row],[Qc (sm3/j)]]/(Séparateur[[#This Row],[Qg (Msm3/j)]]*1000))*1000000 -> 6.3178543 | Q97: 0.722 | R97: 0.67 | S97: 0
A98: 24 | B98: HRC011 | C98: 45350 | D98: 2135 | E98: 822.378 | F98: 10 | G98: 0.08 | H98: 48.056458 | I98: 57.777778 | J98: 87.826 | K98: 60.678553 | L98: oui | M98: Déséquipé | N98: =VLOOKUP(Séparateur[[#This Row],[Puits]],Puits!$A$1:$F$267,3,FALSE) -> Centre | O98: =(Séparateur[[#This Row],[Qw (sm3/j)]]/(Séparateur[[#This Row],[Qg (Msm3/j)]]*1000))*1000000 -> 0.097278867 | P98: =(Séparateur[[#This Row],[Qc (sm3/j)]]/(Séparateur[[#This Row],[Qg (Msm3/j)]]*1000))*1000000 -> 12.159858 | Q98: 0.761 | R98: 0.696 | S98: 0
A99: 24 | B99: HRC011 | C99: 45350 | D99: 2135 | E99: 626.685 | F99: 7.36 | G99: 0.087 | H99: 52.744893 | I99: 58.888889 | J99: 88.693 | K99: 64.21639 | L99: oui | M99: Déséquipé | N99: =VLOOKUP(Séparateur[[#This Row],[Puits]],Puits!$A$1:$F$267,3,FALSE) -> Centre | O99: =(Séparateur[[#This Row],[Qw (sm3/j)]]/(Séparateur[[#This Row],[Qg (Msm3/j)]]*1000))*1000000 -> 0.13882573 | P99: =(Séparateur[[#This Row],[Qc (sm3/j)]]/(Séparateur[[#This Row],[Qg (Msm3/j)]]*1000))*1000000 -> 11.744337 | Q99: 0.755 | R99: 0.698 | S99: 0
A100: 24 | B100: HRC011 | C100: 45351 | D100: 2135 | E100: 482.422 | F100: 6.4 | G100: 0.069 | H100: 55.916482 | J100: 89.114 | K100: 66.600115 | L100: oui | M100: Déséquipé | N100: =VLOOKUP(Séparateur[[#This Row],[Puits]],Puits!$A$1:$F$267,3,FALSE) -> Centre | O100: =(Séparateur[[#This Row],[Qw (sm3/j)]]/(Séparateur[[#This Row],[Qg (Msm3/j)]]*1000))*1000000 -> 0.1430283 | P100: =(Séparateur[[#This Row],[Qc (sm3/j)]]/(Séparateur[[#This Row],[Qg (Msm3/j)]]*1000))*1000000 -> 13.266393 | Q100: 0.749 | R100: 0.7 | S100: 0
A101: 25 | B101: HR029 | C101: 45351 | D101: 2035 | E101: 345.447 | F101: 6.29 | G101: 0.48 | H101: 38.265903 | I101: 56.111111 | J101: 86.057 | K101: 46.729493 | L101: oui | M101: équipé | N101: =VLOOKUP(Séparateur[[#This Row],[Puits]],Puits!$A$1:$F$267,3,FALSE) -> Centre | O101: =(Séparateur[[#This Row],[Qw (sm3/j)]]/(Séparateur[[#This Row],[Qg (Msm3/j)]]*1000))*1000000 -> 1.389504 | P101: =(Séparateur[[#This Row],[Qc (sm3/j)]]/(Séparateur[[#This Row],[Qg (Msm3/j)]]*1000))*1000000 -> 18.208292 | Q101: 0.736 | R101: 0.67 | S101: 0.702
A102: 25 | B102: HR029 | C102: 45351 | D102: 2035 | E102: 281.753 | F102: 4.77 | G102: 0.4 | H102: 43.436971 | I102: 55.555556 | J102: 87.35 | K102: 51.805207 | L102: oui | M102: équipé | N102: =VLOOKUP(Séparateur[[#This Row],[Puits]],Puits!$A$1:$F$267,3,FALSE) -> Centre | O102: =(Séparateur[[#This Row],[Qw (sm3/j)]]/(Séparateur[[#This Row],[Qg (Msm3/j)]]*1000))*1000000 -> 1.4196832 | P102: =(Séparateur[[#This Row],[Qc (sm3/j)]]/(Séparateur[[#This Row],[Qg (Msm3/j)]]*1000))*1000000 -> 16.929722 | Q102: 0.73 | R102: 0.67 | S102: 1.229
A103: 25 | B103: HR029 | C103: 45352 | D103: 2035 | E103: 199.748 | F103: 2.604 | G103: 0.08 | H103: 48.401196 | I103: 50.555556 | J103: 88.405 | K103: 56.928839 | L103: oui | M103: équipé | N103: =VLOOKUP(Séparateur[[#This Row],[Puits]],Puits!$A$1:$F$267,3,FALSE) -> Centre | O103: =(Séparateur[[#This Row],[Qw (sm3/j)]]/(Séparateur[[#This Row],[Qg (Msm3/j)]]*1000))*1000000 -> 0.40050464 | P103: =(Séparateur[[#This Row],[Qc (sm3/j)]]/(Séparateur[[#This Row],[Qg (Msm3/j)]]*1000))*1000000 -> 13.036426 | Q103: 0.722 | R103: 0.67 | S103: 0.351
A104: 26 | B104: HR030 | C104: 45352 | D104: 2135 | E104: 793.232 | F104: 9.12 | G104: 0.62 | H104: 42.88539 | I104: 54.444444 | J104: 89.206 | K104: 54.941908 | L104: oui | M104: Déséquipé | N104: =VLOOKUP(Séparateur[[#This Row],[Puits]],Puits!$A$1:$F$267,3,FALSE) -> Centre | O104: =(Séparateur[[#This Row],[Qw (sm3/j)]]/(Séparateur[[#This Row],[Qg (Msm3/j)]]*1000))*1000000 -> 0.78161244 | P104: =(Séparateur[[#This Row],[Qc (sm3/j)]]/(Séparateur[[#This Row],[Qg (Msm3/j)]]*1000))*1000000 -> 11.497267 | Q104: 0.761 | R104: 0.69 | S104: 0.47
A105: 26 | B105: HR030 | C105: 45352 | D105: 2135 | E105: 617.428 | F105: 7.2 | G105: 0.48 | H105: 47.849616 | I105: 56.666667 | J105: 90.203 | K105: 58.672247 | L105: non | M105: Déséquipé | N105: =VLOOKUP(Séparateur[[#This Row],[Puits]],Puits!$A$1:$F$267,3,FALSE) -> Centre | O105: =(Séparateur[[#This Row],[Qw (sm3/j)]]/(Séparateur[[#This Row],[Qg (Msm3/j)]]*1000))*1000000 -> 0.77741858 | P105: =(Séparateur[[#This Row],[Qc (sm3/j)]]/(Séparateur[[#This Row],[Qg (Msm3/j)]]*1000))*1000000 -> 11.661279 | Q105: 0.755 | R105: 0.686 | S105: 0.41
A106: 26 | B106: HR030 | C106: 45352 | D106: 2135 | E106: 449.557 | F106: 5.52 | G106: 0.36 | H106: 51.503837 | I106: 56.111111 | J106: 90.915 | K106: 61.605966 | L106: oui | M106: Déséquipé | N106: =VLOOKUP(Séparateur[[#This Row],[Puits]],Puits!$A$1:$F$267,3,FALSE) -> Centre | O106: =(Séparateur[[#This Row],[Qw (sm3/j)]]/(Séparateur[[#This Row],[Qg (Msm3/j)]]*1000))*1000000 -> 0.80078833 | P106: =(Séparateur[[#This Row],[Qc (sm3/j)]]/(Séparateur[[#This Row],[Qg (Msm3/j)]]*1000))*1000000 -> 12.278754 | Q106: 0.748 | R106: 0.682 | S106: 1.053
A107: 27 | B107: HRC045 | C107: 45353 | D107: 2190 | E107: 855.006 | F107: 11.2 | G107: 1.04 | H107: 44.953818 | I107: 61.111111 | J107: 90.329 | K107: 57.959881 | L107: oui | M107: Déséquipé | N107: =VLOOKUP(Séparateur[[#This Row],[Puits]],Puits!$A$1:$F$267,3,FALSE) -> Centre | O107: =(Séparateur[[#This Row],[Qw (sm3/j)]]/(Séparateur[[#This Row],[Qg (Msm3/j)]]*1000))*1000000 -> 1.2163657 | P107: =(Séparateur[[#This Row],[Qc (sm3/j)]]/(Séparateur[[#This Row],[Qg (Msm3/j)]]*1000))*1000000 -> 13.099323 | Q107: 0.754 | R107: 0.678 | S107: 1
A108: 27 | B108: HRC045 | C108: 45353 | D108: 2190 | E108: 652.989 | F108: 8.8 | G108: 0.64 | H108: 48.332249 | I108: 63.333333 | J108: 90.85 | K108: 59.876899 | L108: oui | M108: Déséquipé | N108: =VLOOKUP(Séparateur[[#This Row],[Puits]],Puits!$A$1:$F$267,3,FALSE) -> Centre | O108: =(Séparateur[[#This Row],[Qw (sm3/j)]]/(Séparateur[[#This Row],[Qg (Msm3/j)]]*1000))*1000000 -> 0.98010839 | P108: =(Séparateur[[#This Row],[Qc (sm3/j)]]/(Séparateur[[#This Row],[Qg (Msm3/j)]]*1000))*1000000 -> 13.47649 | Q108: 0.74 | R108: 0.682 | S108: 0
A109: 27 | B109: HRC045 | C109: 45354 | D109: 2190 | E109: 477.857 | F109: 7.6 | G109: 0.48 | H109: 50.814361 | I109: 63.888889 | J109: 91.19 | K109: 61.357686 | L109: oui | M109: Déséquipé | N109: =VLOOKUP(Séparateur[[#This Row],[Puits]],Puits!$A$1:$F$267,3,FALSE) -> Centre | O109: =(Séparateur[[#This Row],[Qw (sm3/j)]]/(Séparateur[[#This Row],[Qg (Msm3/j)]]*1000))*1000000 -> 1.0044846 | P109: =(Séparateur[[#This Row],[Qc (sm3/j)]]/(Séparateur[[#This Row],[Qg (Msm3/j)]]*1000))*1000000 -> 15.90434 | Q109: 0.74 | R109: 0.686 | S109: 0
A110: 28 | B110: HR035 | C110: 45355 | D110: 2045 | E110: 467.665 | F110: 2.23 | G110: 0.52 | H110: 40.472225 | I110: 53.333333 | J110: 83.997 | K110: 44.304676 | L110: oui | M110: équipé | N110: =VLOOKUP(Séparateur[[#This Row],[Puits]],Puits!$A$1:$F$267,3,FALSE) -> Centre | O110: =(Séparateur[[#This Row],[Qw (sm3/j)]]/(Séparateur[[#This Row],[Qg (Msm3/j)]]*1000))*1000000 -> 1.111907 | P110: =(Séparateur[[#This Row],[Qc (sm3/j)]]/(Séparateur[[#This Row],[Qg (Msm3/j)]]*1000))*1000000 -> 4.7683705 | Q110: 0.733 | R110: 0.67 | S110: 0.702
A111: 28 | B111: HR035 | C111: 45355 | D111: 2045 | E111: 338.642 | F111: 1.488 | G111: 0.36 | H111: 46.056979 | I111: 53.888889 | J111: 85.314 | K111: 49.105289 | L111: non | M111: équipé | N111: =VLOOKUP(Séparateur[[#This Row],[Puits]],Puits!$A$1:$F$267,3,FALSE) -> Centre | O111: =(Séparateur[[#This Row],[Qw (sm3/j)]]/(Séparateur[[#This Row],[Qg (Msm3/j)]]*1000))*1000000 -> 1.0630696 | P111: =(Séparateur[[#This Row],[Qc (sm3/j)]]/(Séparateur[[#This Row],[Qg (Msm3/j)]]*1000))*1000000 -> 4.3940208 | Q111: 0.751 | R111: 0.67 | S111: 1.433
A112: 28 | B112: HR035 | C112: 45355 | D112: 2045 | E112: 241.56 | F112: 1.116 | G112: 0.08 | H112: 52.882788 | I112: 55.555556 | J112: 87.574 | K112: 58.064681 | L112: oui | M112: équipé | N112: =VLOOKUP(Séparateur[[#This Row],[Puits]],Puits!$A$1:$F$267,3,FALSE) -> Centre | O112: =(Séparateur[[#This Row],[Qw (sm3/j)]]/(Séparateur[[#This Row],[Qg (Msm3/j)]]*1000))*1000000 -> 0.33118066 | P112: =(Séparateur[[#This Row],[Qc (sm3/j)]]/(Séparateur[[#This Row],[Qg (Msm3/j)]]*1000))*1000000 -> 4.6199702 | Q112: 0.749 | R112: 0.67 | S112: 1.521
... A157: 43 | B157: HR010 | C157: 45371 | D157: 2080 | E157: 319.837 | F157: 2.72 | G157: 0.24 | H157: 49.642253 | I157: 59.444444 | J157: 85.69 | K157: 58.555795 | L157: non | M157: Déséquipé | N157: =VLOOKUP(Séparateur[[#This Row],[Puits]],Puits!$A$1:$F$267,3,FALSE) -> Centre | O157: =(Séparateur[[#This Row],[Qw (sm3/j)]]/(Séparateur[[#This Row],[Qg (Msm3/j)]]*1000))*1000000 -> 0.75038223 | P157: =(Séparateur[[#This Row],[Qc (sm3/j)]]/(Séparateur[[#This Row],[Qg (Msm3/j)]]*1000))*1000000 -> 8.5043319 | Q157: 0.765 | R157: 0.688 | S157: 0.4
A158: 44 | B158: HR023 | C158: 45373 | D158: 2130 | E158: 871.107 | F158: 5.88 | G158: 0.72 | H158: 44.60908 | I158: 52.222222 | J158: 87.334 | K158: 57.348454 | L158: oui | M158: Déséquipé | N158: =VLOOKUP(Séparateur[[#This Row],[Puits]],Puits!$A$1:$F$267,3,FALSE) -> Centre | O158: =(Séparateur[[#This Row],[Qw (sm3/j)]]/(Séparateur[[#This Row],[Qg (Msm3/j)]]*1000))*1000000 -> 0.82653451 | P158: =(Séparateur[[#This Row],[Qc (sm3/j)]]/(Séparateur[[#This Row],[Qg (Msm3/j)]]*1000))*1000000 -> 6.7500319 | Q158: 0, 768 | R158: 0.682 | S158: 0.1
A159: 44 | B159: HR023 | C159: 45373 | D159: 2130 | E159: 607.365 | F159: 4.8 | G159: 0.6 | H159: 51.296994 | I159: 53.888889 | J159: 88.646 | K159: 62.160374 | L159: non | M159: Déséquipé | N159: =VLOOKUP(Séparateur[[#This Row],[Puits]],Puits!$A$1:$F$267,3,FALSE) -> Centre | O159: =(Séparateur[[#This Row],[Qw (sm3/j)]]/(Séparateur[[#This Row],[Qg (Msm3/j)]]*1000))*1000000 -> 0.98787385 | P159: =(Séparateur[[#This Row],[Qc (sm3/j)]]/(Séparateur[[#This Row],[Qg (Msm3/j)]]*1000))*1000000 -> 7.9029908 | Q159: 0.768 | R159: 0.682 | S159: 0.1
A160: 44 | B160: HR023 | C160: 45373 | D160: 2130 | E160: 393.659 | F160: 3.96 | G160: 0.36 | H160: 55.227006 | I160: 54.444444 | J160: 89.351 | K160: 65.176968 | L160: non | M160: Déséquipé | N160: =VLOOKUP(Séparateur[[#This Row],[Puits]],Puits!$A$1:$F$267,3,FALSE) -> Centre | O160: =(Séparateur[[#This Row],[Qw (sm3/j)]]/(Séparateur[[#This Row],[Qg (Msm3/j)]]*1000))*1000000 -> 0.91449706 | P160: =(Séparateur[[#This Row],[Qc (sm3/j)]]/(Séparateur[[#This Row],[Qg (Msm3/j)]]*1000))*1000000 -> 10.059468 | Q160: 0.769 | R160: 0.684 | S160: 0.1
A161: 45 | B161: HR037B | C161: 45372 | D161: 2160 | E161: 869.872 | F161: 6 | G161: 0.72 | H161: 44.678027 | I161: 60 | J161: 85.94 | K161: 57.784892 | L161: oui | M161: Déséquipé | N161: =VLOOKUP(Séparateur[[#This Row],[Puits]],Puits!$A$1:$F$267,3,FALSE) -> Centre | O161: =(Séparateur[[#This Row],[Qw (sm3/j)]]/(Séparateur[[#This Row],[Qg (Msm3/j)]]*1000))*1000000 -> 0.82770798 | P161: =(Séparateur[[#This Row],[Qc (sm3/j)]]/(Séparateur[[#This Row],[Qg (Msm3/j)]]*1000))*1000000 -> 6.8975665 | Q161: 0.755 | R161: 0.691 | S161: 0.5
A162: 45 | B162: HR037B | C162: 45372 | D162: 2160 | E162: 671.477 | F162: 5.04 | G162: 0.6 | H162: 50.331728 | I162: 44.444444 | J162: 87.218 | K162: 62.019859 | L162: non | M162: Déséquipé | N162: =VLOOKUP(Séparateur[[#This Row],[Puits]],Puits!$A$1:$F$267,3,FALSE) -> Centre | O162: =(Séparateur[[#This Row],[Qw (sm3/j)]]/(Séparateur[[#This Row],[Qg (Msm3/j)]]*1000))*1000000 -> 0.89355257 | P162: =(Séparateur[[#This Row],[Qc (sm3/j)]]/(Séparateur[[#This Row],[Qg (Msm3/j)]]*1000))*1000000 -> 7.5058416 | Q162: 0.756 | R162: 0.692 | S162: 0.4
A163: 45 | B163: HR037B | C163: 45372 | D163: 2160 | E163: 485.083 | F163: 4.32 | G163: 0.48 | H163: 54.26174 | I163: 43.888889 | J163: 88.016 | K163: 65.05169 | L163: non | M163: Déséquipé | N163: =VLOOKUP(Séparateur[[#This Row],[Puits]],Puits!$A$1:$F$267,3,FALSE) -> Centre | O163: =(Séparateur[[#This Row],[Qw (sm3/j)]]/(Séparateur[[#This Row],[Qg (Msm3/j)]]*1000))*1000000 -> 0.98952138 | P163: =(Séparateur[[#This Row],[Qc (sm3/j)]]/(Séparateur[[#This Row],[Qg (Msm3/j)]]*1000))*1000000 -> 8.9056924 | Q163: 0.756 | R163: 0.694 | S163: 0.4
A164: 46 | B164: HR049 | C164: 45370 | D164: 2100 | E164: 876.38 | F164: 8.16 | G164: 0.84 | H164: 45.574346 | I164: 28.333333 | J164: 86.682 | K164: 58.787114 | L164: oui | M164: Déséquipé | N164: =VLOOKUP(Séparateur[[#This Row],[Puits]],Puits!$A$1:$F$267,3,FALSE) -> Centre | O164: =(Séparateur[[#This Row],[Qw (sm3/j)]]/(Séparateur[[#This Row],[Qg (Msm3/j)]]*1000))*1000000 -> 0.95848833 | P164: =(Séparateur[[#This Row],[Qc (sm3/j)]]/(Séparateur[[#This Row],[Qg (Msm3/j)]]*1000))*1000000 -> 9.3110295 | Q164: 0.762 | R164: 0.698 | S164: 0.2
A165: 46 | B165: HR049 | C165: 45370 | D165: 2100 | E165: 703.07 | F165: 6.96 | G165: 0.72 | H165: 49.090672 | I165: 67.777778 | J165: 89.453 | K165: 55.088352 | L165: non | M165: Déséquipé | N165: =VLOOKUP(Séparateur[[#This Row],[Puits]],Puits!$A$1:$F$267,3,FALSE) -> Centre | O165: =(Séparateur[[#This Row],[Qw (sm3/j)]]/(Séparateur[[#This Row],[Qg (Msm3/j)]]*1000))*1000000 -> 1.0240801 | P165: =(Séparateur[[#This Row],[Qc (sm3/j)]]/(Séparateur[[#This Row],[Qg (Msm3/j)]]*1000))*1000000 -> 9.899441 | Q165: 0.761 | R165: 0.699 | S165: 0.2
A166: 46 | B166: HR049 | C166: 45370 | D166: 2100 | E166: 523.688 | F166: 5.44 | G166: 0.48 | H166: 52.951736 | I166: 66.666667 | J166: 88.248 | K166: 63.608687 | L166: non | M166: Déséquipé | N166: =VLOOKUP(Séparateur[[#This Row],[Puits]],Puits!$A$1:$F$267,3,FALSE) -> Centre | O166: =(Séparateur[[#This Row],[Qw (sm3/j)]]/(Séparateur[[#This Row],[Qg (Msm3/j)]]*1000))*1000000 -> 0.91657628 | P166: =(Séparateur[[#This Row],[Qc (sm3/j)]]/(Séparateur[[#This Row],[Qg (Msm3/j)]]*1000))*1000000 -> 10.387865 | Q166: 0.761 | R166: 0.699 | S166: 0.2
A167: 47 | B167: HRC027 | C167: 45368 | D167: 2150 | E167: 991.977 | F167: 4.56 | G167: 0.8 | H167: 47.022245 | I167: 60 | J167: 89.437 | K167: 61.748343 | L167: oui | M167: Déséquipé | N167: =VLOOKUP(Séparateur[[#This Row],[Puits]],Puits!$A$1:$F$267,3,FALSE) -> Centre | O167: =(Séparateur[[#This Row],[Qw (sm3/j)]]/(Séparateur[[#This Row],[Qg (Msm3/j)]]*1000))*1000000 -> 0.80647031 | P167: =(Séparateur[[#This Row],[Qc (sm3/j)]]/(Séparateur[[#This Row],[Qg (Msm3/j)]]*1000))*1000000 -> 4.5968808 | Q167: 0.759 | R167: 0.676 | S167: 0.2
A168: 47 | B168: HRC027 | C168: 45368 | D168: 2150 | E168: 783.996 | F168: 3.96 | G168: 0.6 | H168: 51.159099 | I168: 66.111111 | J168: 89.516 | K168: 64.248175 | L168: oui | M168: Déséquipé | N168: =VLOOKUP(Séparateur[[#This Row],[Puits]],Puits!$A$1:$F$267,3,FALSE) -> Centre | O168: =(Séparateur[[#This Row],[Qw (sm3/j)]]/(Séparateur[[#This Row],[Qg (Msm3/j)]]*1000))*1000000 -> 0.76531003 | P168: =(Séparateur[[#This Row],[Qc (sm3/j)]]/(Séparateur[[#This Row],[Qg (Msm3/j)]]*1000))*1000000 -> 5.0510462 | Q168: 0.76 | R168: 0.678 | S168: 0.1
A169: 47 | B169: HRC027 | C169: 45369 | D169: 2150 | E169: 610.713 | F169: 3.76 | G169: 0.52 | H169: 54.26174 | I169: 62.222222 | J169: 89.356 | K169: 66.109967 | L169: oui | M169: Déséquipé | N169: =VLOOKUP(Séparateur[[#This Row],[Puits]],Puits!$A$1:$F$267,3,FALSE) -> Centre | O169: =(Séparateur[[#This Row],[Qw (sm3/j)]]/(Séparateur[[#This Row],[Qg (Msm3/j)]]*1000))*1000000 -> 0.85146378 | P169: =(Séparateur[[#This Row],[Qc (sm3/j)]]/(Séparateur[[#This Row],[Qg (Msm3/j)]]*1000))*1000000 -> 6.1567381 | Q169: 0.759 | R169: 0.679 | S169: 0.1
A170: 48 | B170: HRC001 | C170: 45374 | D170: 2120 | E170: 920.392 | F170: 12.6 | G170: 0.9 | H170: 48.056458 | I170: 60.555556 | J170: 87.307 | K170: 61.819773 | L170: oui | M170: Déséquipé | N170: =VLOOKUP(Séparateur[[#This Row],[Puits]],Puits!$A$1:$F$267,3,FALSE) -> Centre | O170: =(Séparateur[[#This Row],[Qw (sm3/j)]]/(Séparateur[[#This Row],[Qg (Msm3/j)]]*1000))*1000000 -> 0.97784422 | P170: =(Séparateur[[#This Row],[Qc (sm3/j)]]/(Séparateur[[#This Row],[Qg (Msm3/j)]]*1000))*1000000 -> 13.689819 | Q170: 0.74 | R170: 0.701 | S170: 0.5
... A175: 49 | B175: HRC051 | C175: 45375 | D175: 2106 | E175: 407.99 | F175: 5.04 | G175: 0.24 | H175: 54.53753 | I175: 62.222222 | J175: 89.934 | K175: 64.374143 | L175: non | M175: Déséquipé | N175: =VLOOKUP(Séparateur[[#This Row],[Puits]],Puits!$A$1:$F$267,3,FALSE) -> Centre | O175: =(Séparateur[[#This Row],[Qw (sm3/j)]]/(Séparateur[[#This Row],[Qg (Msm3/j)]]*1000))*1000000 -> 0.58824971 | P175: =(Séparateur[[#This Row],[Qc (sm3/j)]]/(Séparateur[[#This Row],[Qg (Msm3/j)]]*1000))*1000000 -> 12.353244 | Q175: 0.764 | R175: 0.691 | S175: 0.4
A176: 50 | B176: HRC057 | C176: 45376 | E176: 282.766 | F176: 13.07 | G176: 57.6 | H176: 46.194874 | I176: 57.777778 | M176: Déséquipé | N176: =VLOOKUP(Séparateur[[#This Row],[Puits]],Puits!$A$1:$F$267,3,FALSE) -> Centre | O176: =(Séparateur[[#This Row],[Qw (sm3/j)]]/(Séparateur[[#This Row],[Qg (Msm3/j)]]*1000))*1000000 -> 203.702 | P176: =(Séparateur[[#This Row],[Qc (sm3/j)]]/(Séparateur[[#This Row],[Qg (Msm3/j)]]*1000))*1000000 -> 46.221964 | Q176: 0.824 | R176: 0.67
A177: 50 | B177: HRC057 | C177: 45376 | E177: 168.197 | F177: 8.68 | G177: 28.8 | H177: 51.021204 | I177: 59.444444 | M177: Déséquipé | N177: =VLOOKUP(Séparateur[[#This Row],[Puits]],Puits!$A$1:$F$267,3,FALSE) -> Centre | O177: =(Séparateur[[#This Row],[Qw (sm3/j)]]/(Séparateur[[#This Row],[Qg (Msm3/j)]]*1000))*1000000 -> 171.22779 | P177: =(Séparateur[[#This Row],[Qc (sm3/j)]]/(Séparateur[[#This Row],[Qg (Msm3/j)]]*1000))*1000000 -> 51.606152 | Q177: 0.824 | R177: 0.67
A178: 50 | B178: HRC057 | C178: 45376 | E178: 110.872 | F178: 6.51 | G178: 16.2 | H178: 55.158058 | I178: 61.111111 | M178: Déséquipé | N178: =VLOOKUP(Séparateur[[#This Row],[Puits]],Puits!$A$1:$F$267,3,FALSE) -> Centre | O178: =(Séparateur[[#This Row],[Qw (sm3/j)]]/(Séparateur[[#This Row],[Qg (Msm3/j)]]*1000))*1000000 -> 146.11444 | P178: =(Séparateur[[#This Row],[Qc (sm3/j)]]/(Séparateur[[#This Row],[Qg (Msm3/j)]]*1000))*1000000 -> 58.716358 | Q178: 0.824 | R178: 0.67
A179: 51 | B179: HRC014 | C179: 45376 | D179: 2180 | E179: 805.734 | F179: 6 | G179: 0.66 | H179: 41.644334 | I179: 56.666667 | J179: 87.504 | K179: 53.792 | L179: oui | M179: Déséquipé | N179: =VLOOKUP(Séparateur[[#This Row],[Puits]],Puits!$A$1:$F$267,3,FALSE) -> Centre | O179: =(Séparateur[[#This Row],[Qw (sm3/j)]]/(Séparateur[[#This Row],[Qg (Msm3/j)]]*1000))*1000000 -> 0.81912889 | P179: =(Séparateur[[#This Row],[Qc (sm3/j)]]/(Séparateur[[#This Row],[Qg (Msm3/j)]]*1000))*1000000 -> 7.4466263 | Q179: 0.763 | R179: 0.701 | S179: 6
A180: 51 | B180: HRC014 | C180: 45376 | D180: 2180 | E180: 607.092 | F180: 4.8 | G180: 0.48 | H180: 46.815402 | I180: 60 | J180: 88.473 | K180: 57.556193 | L180: non | M180: Déséquipé | N180: =VLOOKUP(Séparateur[[#This Row],[Puits]],Puits!$A$1:$F$267,3,FALSE) -> Centre | O180: =(Séparateur[[#This Row],[Qw (sm3/j)]]/(Séparateur[[#This Row],[Qg (Msm3/j)]]*1000))*1000000 -> 0.79065446 | P180: =(Séparateur[[#This Row],[Qc (sm3/j)]]/(Séparateur[[#This Row],[Qg (Msm3/j)]]*1000))*1000000 -> 7.9065446 | Q180: 0.764 | R180: 0.704 | S180: 5
A181: 51 | B181: HRC014 | C181: 45376 | D181: 2180 | E181: 411.866 | F181: 3.84 | G181: 0.29 | H181: 50.952256 | I181: 57.777778 | J181: 89.175 | K181: 60.79728 | L181: non | M181: Déséquipé | N181: =VLOOKUP(Séparateur[[#This Row],[Puits]],Puits!$A$1:$F$267,3,FALSE) -> Centre | O181: =(Séparateur[[#This Row],[Qw (sm3/j)]]/(Séparateur[[#This Row],[Qg (Msm3/j)]]*1000))*1000000 -> 0.7041125 | P181: =(Séparateur[[#This Row],[Qc (sm3/j)]]/(Séparateur[[#This Row],[Qg (Msm3/j)]]*1000))*1000000 -> 9.3234207 | Q181: 0.764 | R181: 0.705 | S181: 5
A182: 52 | B182: HR059 | C182: 45377 | D182: 2125 | E182: 699.996 | F182: 10.2 | G182: 0.9 | H182: 40.472225 | I182: 61.111111 | J182: 85.306 | K182: 66.96533 | L182: non | M182: Déséquipé | N182: =VLOOKUP(Séparateur[[#This Row],[Puits]],Puits!$A$1:$F$267,3,FALSE) -> Centre | O182: =(Séparateur[[#This Row],[Qw (sm3/j)]]/(Séparateur[[#This Row],[Qg (Msm3/j)]]*1000))*1000000 -> 1.2857216 | P182: =(Séparateur[[#This Row],[Qc (sm3/j)]]/(Séparateur[[#This Row],[Qg (Msm3/j)]]*1000))*1000000 -> 14.571512 | Q182: 0.754 | R182: 0.697 | S182: 10
A183: 52 | B183: HR059 | C183: 45377 | D183: 2125 | E183: 508.419 | F183: 7.8 | G183: 0.66 | H183: 48.883829 | I183: 54.444444 | J183: 85.298 | K183: 51.508594 | L183: oui | M183: Déséquipé | N183: =VLOOKUP(Séparateur[[#This Row],[Puits]],Puits!$A$1:$F$267,3,FALSE) -> Centre | O183: =(Séparateur[[#This Row],[Qw (sm3/j)]]/(Séparateur[[#This Row],[Qg (Msm3/j)]]*1000))*1000000 -> 1.2981419 | P183: =(Séparateur[[#This Row],[Qc (sm3/j)]]/(Séparateur[[#This Row],[Qg (Msm3/j)]]*1000))*1000000 -> 15.341677 | Q183: 0.751 | R183: 0.701 | S183: 4
A184: 52 | B184: HR059 | C184: 45378 | D184: 2125 | E184: 303.694 | F184: 4.8 | G184: 0.42 | H184: 53.710159 | I184: 51.666667 | L184: oui | M184: Déséquipé | N184: =VLOOKUP(Séparateur[[#This Row],[Puits]],Puits!$A$1:$F$267,3,FALSE) -> Centre | O184: =(Séparateur[[#This Row],[Qw (sm3/j)]]/(Séparateur[[#This Row],[Qg (Msm3/j)]]*1000))*1000000 -> 1.382971 | P184: =(Séparateur[[#This Row],[Qc (sm3/j)]]/(Séparateur[[#This Row],[Qg (Msm3/j)]]*1000))*1000000 -> 15.805383 | Q184: 0.75 | R184: 0.702 | S184: 4
A185: 53 | B185: HR065 | C185: 45379 | D185: 2100 | E185: 776.393 | F185: 5.04 | G185: 0.94 | H185: 42.195915 | I185: 46.111111 | J185: 86.4 | K185: 54.602341 | L185: oui | M185: Déséquipé | N185: =VLOOKUP(Séparateur[[#This Row],[Puits]],Puits!$A$1:$F$267,3,FALSE) -> Centre | O185: =(Séparateur[[#This Row],[Qw (sm3/j)]]/(Séparateur[[#This Row],[Qg (Msm3/j)]]*1000))*1000000 -> 1.210727 | P185: =(Séparateur[[#This Row],[Qc (sm3/j)]]/(Séparateur[[#This Row],[Qg (Msm3/j)]]*1000))*1000000 -> 6.4915578 | Q185: 0.771 | R185: 0.695 | S185: 12
A186: 53 | B186: HR065 | C186: 45379 | D186: 2100 | E186: 527.422 | F186: 3.84 | G186: 0.84 | H186: 53.158579 | I186: 47.222222 | J186: 88.9 | K186: 64.872771 | L186: non | M186: Déséquipé | N186: =VLOOKUP(Séparateur[[#This Row],[Puits]],Puits!$A$1:$F$267,3,FALSE) -> Centre | O186: =(Séparateur[[#This Row],[Qw (sm3/j)]]/(Séparateur[[#This Row],[Qg (Msm3/j)]]*1000))*1000000 -> 1.5926526 | P186: =(Séparateur[[#This Row],[Qc (sm3/j)]]/(Séparateur[[#This Row],[Qg (Msm3/j)]]*1000))*1000000 -> 7.2806974 | Q186: 0.774 | R186: 0.699 | S186: 10
A187: 53 | B187: HR065 | C187: 45379 | D187: 2100 | E187: 322.963 | F187: 2.64 | G187: 0.72 | H187: 58.605437 | I187: 47.777778 | J187: 90.1 | K187: 69.670833 | L187: non | M187: Déséquipé | N187: =VLOOKUP(Séparateur[[#This Row],[Puits]],Puits!$A$1:$F$267,3,FALSE) -> Centre | O187: =(Séparateur[[#This Row],[Qw (sm3/j)]]/(Séparateur[[#This Row],[Qg (Msm3/j)]]*1000))*1000000 -> 2.2293575 | P187: =(Séparateur[[#This Row],[Qc (sm3/j)]]/(Séparateur[[#This Row],[Qg (Msm3/j)]]*1000))*1000000 -> 8.174311 | Q187: 0.775 | R187: 0.701 | S187: 11
A188: 54 | B188: HR052 | C188: 45380 | D188: 2110 | E188: 948.236 | F188: 10.2 | G188: 0.96 | H188: 44.953818 | I188: 51.666667 | J188: 87.6 | K188: 58.317926 | L188: oui | M188: Déséquipé | N188: =VLOOKUP(Séparateur[[#This Row],[Puits]],Puits!$A$1:$F$267,3,FALSE) -> Centre | O188: =(Séparateur[[#This Row],[Qw (sm3/j)]]/(Séparateur[[#This Row],[Qg (Msm3/j)]]*1000))*1000000 -> 1.0124062 | P188: =(Séparateur[[#This Row],[Qc (sm3/j)]]/(Séparateur[[#This Row],[Qg (Msm3/j)]]*1000))*1000000 -> 10.756816 | Q188: 0.758 | R188: 0.694 | S188: 4
A189: 54 | B189: HR052 | C189: 45380 | D189: 2110 | E189: 714.06 | F189: 7.44 | G189: 0.84 | H189: 49.849095 | I189: 54.444444 | J189: 88.4 | K189: 61.330935 | L189: non | M189: Déséquipé | N189: =VLOOKUP(Séparateur[[#This Row],[Puits]],Puits!$A$1:$F$267,3,FALSE) -> Centre | O189: =(Séparateur[[#This Row],[Qw (sm3/j)]]/(Séparateur[[#This Row],[Qg (Msm3/j)]]*1000))*1000000 -> 1.1763717 | P189: =(Séparateur[[#This Row],[Qc (sm3/j)]]/(Séparateur[[#This Row],[Qg (Msm3/j)]]*1000))*1000000 -> 10.419292 | Q189: 0.754 | R189: 0.696 | S189: 2
A190: 54 | B190: HR052 | C190: 45380 | D190: 2110 | E190: 413.589 | F190: 4.32 | G190: 0.24 | H190: 54.399635 | I190: 55.555556 | J190: 89.2 | K190: 64.425302 | L190: non | M190: Déséquipé | N190: =VLOOKUP(Séparateur[[#This Row],[Puits]],Puits!$A$1:$F$267,3,FALSE) -> Centre | O190: =(Séparateur[[#This Row],[Qw (sm3/j)]]/(Séparateur[[#This Row],[Qg (Msm3/j)]]*1000))*1000000 -> 0.58028623 | P190: =(Séparateur[[#This Row],[Qc (sm3/j)]]/(Séparateur[[#This Row],[Qg (Msm3/j)]]*1000))*1000000 -> 10.445152 | Q190: 0.755 | R190: 0.697 | S190: 3
A191: 55 | B191: HR150 | C191: 45381 | D191: 2070 | E191: 892.013 | F191: 5.76 | G191: 0.78 | H191: 50.400676 | I191: 58.333333 | J191: 85 | K191: 64.292922 | L191: oui | M191: Déséquipé | N191: =VLOOKUP(Séparateur[[#This Row],[Puits]],Puits!$A$1:$F$267,3,FALSE) -> Centre | O191: =(Séparateur[[#This Row],[Qw (sm3/j)]]/(Séparateur[[#This Row],[Qg (Msm3/j)]]*1000))*1000000 -> 0.87442672 | P191: =(Séparateur[[#This Row],[Qc (sm3/j)]]/(Séparateur[[#This Row],[Qg (Msm3/j)]]*1000))*1000000 -> 6.457305 | Q191: 0.774 | R191: 0.693 | S191: 2
A192: 55 | B192: HR150 | C192: 45381 | D192: 2070 | E192: 623.648 | F192: 4.32 | G192: 0.6 | H192: 58.674385 | I192: 53.888889 | J192: 86.5 | K192: 70.605073 | L192: non | M192: Déséquipé | N192: =VLOOKUP(Séparateur[[#This Row],[Puits]],Puits!$A$1:$F$267,3,FALSE) -> Centre | O192: =(Séparateur[[#This Row],[Qw (sm3/j)]]/(Séparateur[[#This Row],[Qg (Msm3/j)]]*1000))*1000000 -> 0.96208117 | P192: =(Séparateur[[#This Row],[Qc (sm3/j)]]/(Séparateur[[#This Row],[Qg (Msm3/j)]]*1000))*1000000 -> 6.9269845 | Q192: 0.772 | R192: 0.697 | S192: 2
A193: 55 | B193: HR150 | C193: 45381 | D193: 2070 | E193: 424.717 | F193: 3.12 | G193: 0.36 | H193: 63.018082 | I193: 54.444444 | J193: 87.1 | K193: 74.08072 | L193: non | M193: Déséquipé | N193: =VLOOKUP(Séparateur[[#This Row],[Puits]],Puits!$A$1:$F$267,3,FALSE) -> Centre | O193: =(Séparateur[[#This Row],[Qw (sm3/j)]]/(Séparateur[[#This Row],[Qg (Msm3/j)]]*1000))*1000000 -> 0.84762324 | P193: =(Séparateur[[#This Row],[Qc (sm3/j)]]/(Séparateur[[#This Row],[Qg (Msm3/j)]]*1000))*1000000 -> 7.3460681 | Q193: 0.771 | R193: 0.698 | S193: 2
A194: 56 | B194: HRC010 | C194: 45382 | D194: 2135 | E194: 919.458 | F194: 7.32 | G194: 1.2 | H194: 47.43593 | I194: 59.444444 | J194: 88.1 | K194: 61.201313 | L194: oui | M194: Déséquipé | N194: =VLOOKUP(Séparateur[[#This Row],[Puits]],Puits!$A$1:$F$267,3,FALSE) -> Centre | O194: =(Séparateur[[#This Row],[Qw (sm3/j)]]/(Séparateur[[#This Row],[Qg (Msm3/j)]]*1000))*1000000 -> 1.3051167 | P194: =(Séparateur[[#This Row],[Qc (sm3/j)]]/(Séparateur[[#This Row],[Qg (Msm3/j)]]*1000))*1000000 -> 7.9612119 | Q194: 0.769 | R194: 0.698 | S194: 2
A195: 56 | B195: HRC010 | C195: 45382 | D195: 2135 | E195: 715.603 | F195: 5.76 | G195: 0.9 | H195: 51.434889 | I195: 61.111111 | J195: 88.7 | K195: 63.468309 | L195: non | M195: Déséquipé | N195: =VLOOKUP(Séparateur[[#This Row],[Puits]],Puits!$A$1:$F$267,3,FALSE) -> Centre | O195: =(Séparateur[[#This Row],[Qw (sm3/j)]]/(Séparateur[[#This Row],[Qg (Msm3/j)]]*1000))*1000000 -> 1.2576806 | P195: =(Séparateur[[#This Row],[Qc (sm3/j)]]/(Séparateur[[#This Row],[Qg (Msm3/j)]]*1000))*1000000 -> 8.0491557 | Q195: 0.77 | R195: 0.692 | S195: 2
A196: 56 | B196: HRC010 | C196: 45382 | D196: 2135 | E196: 503.184 | F196: 4.08 | G196: 0.72 | H196: 54.675425 | I196: 60.555556 | J196: 89.2 | K196: 65.462273 | L196: non | M196: Déséquipé | N196: =VLOOKUP(Séparateur[[#This Row],[Puits]],Puits!$A$1:$F$267,3,FALSE) -> Centre | O196: =(Séparateur[[#This Row],[Qw (sm3/j)]]/(Séparateur[[#This Row],[Qg (Msm3/j)]]*1000))*1000000 -> 1.4308881 | P196: =(Séparateur[[#This Row],[Qc (sm3/j)]]/(Séparateur[[#This Row],[Qg (Msm3/j)]]*1000))*1000000 -> 8.1083659 | Q196: 0.771 | R196: 0.693 | S196: 2
... A205: 59 | B205: HRC028 | C205: 45385 | D205: 2095 | E205: 518.263 | F205: 1.2 | G205: 0.48 | H205: 54.192792 | I205: 63.888889 | J205: 88.3 | K205: 64.286717 | L205: non | M205: Déséquipé | N205: =VLOOKUP(Séparateur[[#This Row],[Puits]],Puits!$A$1:$F$267,3,FALSE) -> Centre | O205: =(Séparateur[[#This Row],[Qw (sm3/j)]]/(Séparateur[[#This Row],[Qg (Msm3/j)]]*1000))*1000000 -> 0.92617069 | P205: =(Séparateur[[#This Row],[Qc (sm3/j)]]/(Séparateur[[#This Row],[Qg (Msm3/j)]]*1000))*1000000 -> 2.3154267 | Q205: 0.791 | R205: 0.698 | S205: 2
A206: 60 | B206: HR044 | C206: 45386 | D206: 2218 | E206: 1096.674 | F206: 19.68 | G206: 0.96 | H206: 49.021724 | I206: 52.777778 | J206: 87.5 | K206: 65.780121 | M206: Déséquipé | N206: =VLOOKUP(Séparateur[[#This Row],[Puits]],Puits!$A$1:$F$267,3,FALSE) -> Centre | O206: =(Séparateur[[#This Row],[Qw (sm3/j)]]/(Séparateur[[#This Row],[Qg (Msm3/j)]]*1000))*1000000 -> 0.87537409 | P206: =(Séparateur[[#This Row],[Qc (sm3/j)]]/(Séparateur[[#This Row],[Qg (Msm3/j)]]*1000))*1000000 -> 17.945169 | Q206: 0.79 | R206: 0.693 | S206: 2
A207: 60 | B207: HR044 | C207: 45386 | D207: 2218 | E207: 747.525 | F207: 14.88 | G207: 0.72 | H207: 57.226486 | I207: 53.888889 | J207: 89.1 | K207: 71.37177 | M207: Déséquipé | N207: =VLOOKUP(Séparateur[[#This Row],[Puits]],Puits!$A$1:$F$267,3,FALSE) -> Centre | O207: =(Séparateur[[#This Row],[Qw (sm3/j)]]/(Séparateur[[#This Row],[Qg (Msm3/j)]]*1000))*1000000 -> 0.96317849 | P207: =(Séparateur[[#This Row],[Qc (sm3/j)]]/(Séparateur[[#This Row],[Qg (Msm3/j)]]*1000))*1000000 -> 19.905689 | Q207: 0.79 | R207: 0.694 | S207: 2
A208: 60 | B208: HR044 | C208: 45386 | D208: 2218 | E208: 504.676 | F208: 10.8 | G208: 0.48 | H208: 61.225445 | I208: 53.888889 | J208: 89.9 | K208: 74.227578 | M208: Déséquipé | N208: =VLOOKUP(Séparateur[[#This Row],[Puits]],Puits!$A$1:$F$267,3,FALSE) -> Centre | O208: =(Séparateur[[#This Row],[Qw (sm3/j)]]/(Séparateur[[#This Row],[Qg (Msm3/j)]]*1000))*1000000 -> 0.95110526 | P208: =(Séparateur[[#This Row],[Qc (sm3/j)]]/(Séparateur[[#This Row],[Qg (Msm3/j)]]*1000))*1000000 -> 21.399868 | Q208: 0.792 | R208: 0.696 | S208: 2
A209: 61 | B209: HRC024 | C209: 45387 | D209: 2140 | E209: 859.36 | F209: 9.6 | G209: 0.72 | H209: 45.436451 | I209: 58.333333 | J209: 87.5 | K209: 58.85089 | L209: oui | M209: Déséquipé | N209: =VLOOKUP(Séparateur[[#This Row],[Puits]],Puits!$A$1:$F$267,3,FALSE) -> Centre | O209: =(Séparateur[[#This Row],[Qw (sm3/j)]]/(Séparateur[[#This Row],[Qg (Msm3/j)]]*1000))*1000000 -> 0.83783281 | P209: =(Séparateur[[#This Row],[Qc (sm3/j)]]/(Séparateur[[#This Row],[Qg (Msm3/j)]]*1000))*1000000 -> 11.171104 | Q209: 0.755 | R209: 0.682 | S209: 2
A210: 61 | B210: HRC024 | C210: 45387 | D210: 2140 | E210: 588.893 | F210: 6.96 | G210: 0.48 | H210: 52.055418 | I210: 61.666667 | J210: 88.6 | K210: 63.318693 | L210: non | M210: Déséquipé | N210: =VLOOKUP(Séparateur[[#This Row],[Puits]],Puits!$A$1:$F$267,3,FALSE) -> Centre | O210: =(Séparateur[[#This Row],[Qw (sm3/j)]]/(Séparateur[[#This Row],[Qg (Msm3/j)]]*1000))*1000000 -> 0.81508865 | P210: =(Séparateur[[#This Row],[Qc (sm3/j)]]/(Séparateur[[#This Row],[Qg (Msm3/j)]]*1000))*1000000 -> 11.818785 | Q210: 0.756 | R210: 0.683 | S210: 2
A211: 61 | B211: HRC024 | C211: 45387 | D211: 2140 | E211: 438.865 | F211: 5.28 | G211: 0.36 | H211: 54.675425 | I211: 61.666667 | J211: 89.1 | K211: 65.288525 | L211: non | M211: Déséquipé | N211: =VLOOKUP(Séparateur[[#This Row],[Puits]],Puits!$A$1:$F$267,3,FALSE) -> Centre | O211: =(Séparateur[[#This Row],[Qw (sm3/j)]]/(Séparateur[[#This Row],[Qg (Msm3/j)]]*1000))*1000000 -> 0.82029781 | P211: =(Séparateur[[#This Row],[Qc (sm3/j)]]/(Séparateur[[#This Row],[Qg (Msm3/j)]]*1000))*1000000 -> 12.031035 | Q211: 0.757 | R211: 0.683 | S211: 2
A212: 62 | B212: HRC048 | C212: 45388 | D212: 2175 | E212: 692.509 | F212: 7.08 | G212: 0.72 | H212: 39.851697 | I212: 52.777778 | J212: 89.4 | K212: 51.234941 | L212: oui | M212: Déséquipé | N212: =VLOOKUP(Séparateur[[#This Row],[Puits]],Puits!$A$1:$F$267,3,FALSE) -> Centre | O212: =(Séparateur[[#This Row],[Qw (sm3/j)]]/(Séparateur[[#This Row],[Qg (Msm3/j)]]*1000))*1000000 -> 1.0396977 | P212: =(Séparateur[[#This Row],[Qc (sm3/j)]]/(Séparateur[[#This Row],[Qg (Msm3/j)]]*1000))*1000000 -> 10.223694 | Q212: 0.75 | R212: 0.683 | S212: 6
A213: 62 | B213: HRC048 | C213: 45388 | D213: 2175 | E213: 525.616 | F213: 5.76 | G213: 0.48 | H213: 43.368023 | I213: 53.333333 | J213: 90 | K213: 53.661207 | L213: non | M213: Déséquipé | N213: =VLOOKUP(Séparateur[[#This Row],[Puits]],Puits!$A$1:$F$267,3,FALSE) -> Centre | O213: =(Séparateur[[#This Row],[Qw (sm3/j)]]/(Séparateur[[#This Row],[Qg (Msm3/j)]]*1000))*1000000 -> 0.91321421 | P213: =(Séparateur[[#This Row],[Qc (sm3/j)]]/(Séparateur[[#This Row],[Qg (Msm3/j)]]*1000))*1000000 -> 10.958571 | Q213: 0.751 | R213: 0.683 | S213: 6
A214: 62 | B214: HRC048 | C214: 45388 | D214: 2175 | E214: 392.672 | F214: 4.32 | G214: 0.24 | H214: 46.263821 | I214: 52.777778 | J214: 90.5 | K214: 55.768244 | L214: non | M214: Déséquipé | N214: =VLOOKUP(Séparateur[[#This Row],[Puits]],Puits!$A$1:$F$267,3,FALSE) -> Centre | O214: =(Séparateur[[#This Row],[Qw (sm3/j)]]/(Séparateur[[#This Row],[Qg (Msm3/j)]]*1000))*1000000 -> 0.61119713 | P214: =(Séparateur[[#This Row],[Qc (sm3/j)]]/(Séparateur[[#This Row],[Qg (Msm3/j)]]*1000))*1000000 -> 11.001548 | Q214: 0.752 | R214: 0.684 | S214: 6
A215: 63 | B215: HRC017 | C215: 45389 | D215: 2170 | E215: 687.02 | F215: 6 | G215: 0.72 | H215: 44.540132 | I215: 51.111111 | J215: 87.4 | K215: 55.690334 | L215: oui | M215: Déséquipé | N215: =VLOOKUP(Séparateur[[#This Row],[Puits]],Puits!$A$1:$F$267,3,FALSE) -> Centre | O215: =(Séparateur[[#This Row],[Qw (sm3/j)]]/(Séparateur[[#This Row],[Qg (Msm3/j)]]*1000))*1000000 -> 1.0480044 | P215: =(Séparateur[[#This Row],[Qc (sm3/j)]]/(Séparateur[[#This Row],[Qg (Msm3/j)]]*1000))*1000000 -> 8.7333702 | Q215: 0.761 | R215: 0.684 | S215: 2
A216: 63 | B216: HRC017 | C216: 45389 | D216: 2170 | E216: 544.473 | F216: 4.85 | G216: 0.55 | H216: 48.401196 | I216: 51.111111 | J216: 88.1 | K216: 58.775738 | L216: non | M216: Déséquipé | N216: =VLOOKUP(Séparateur[[#This Row],[Puits]],Puits!$A$1:$F$267,3,FALSE) -> Centre | O216: =(Séparateur[[#This Row],[Qw (sm3/j)]]/(Séparateur[[#This Row],[Qg (Msm3/j)]]*1000))*1000000 -> 1.0101511 | P216: =(Séparateur[[#This Row],[Qc (sm3/j)]]/(Séparateur[[#This Row],[Qg (Msm3/j)]]*1000))*1000000 -> 8.9076961 | Q216: 0.762 | R216: 0.685 | S216: 2
A217: 63 | B217: HRC017 | C217: 45389 | D217: 2170 | E217: 389.491 | F217: 4.15 | G217: 0.41 | H217: 51.71068 | I217: 49.444444 | J217: 88.6 | K217: 61.472967 | L217: non | M217: Déséquipé | N217: =VLOOKUP(Séparateur[[#This Row],[Puits]],Puits!$A$1:$F$267,3,FALSE) -> Centre | O217: =(Séparateur[[#This Row],[Qw (sm3/j)]]/(Séparateur[[#This Row],[Qg (Msm3/j)]]*1000))*1000000 -> 1.0526559 | P217: =(Séparateur[[#This Row],[Qc (sm3/j)]]/(Séparateur[[#This Row],[Qg (Msm3/j)]]*1000))*1000000 -> 10.654932 | Q217: 0.763 | R217: 0.685 | S217: 2
A218: 64 | B218: HR099 | C218: 45390 | D218: 2130 | E218: 697.126 | F218: 3 | G218: 36 | H218: 40.748016 | I218: 54.444444 | J218: 86.1 | K218: 58.15452 | L218: oui | M218: Déséquipé | N218: =VLOOKUP(Séparateur[[#This Row],[Puits]],Puits!$A$1:$F$267,3,FALSE) -> Centre | O218: =(Séparateur[[#This Row],[Qw (sm3/j)]]/(Séparateur[[#This Row],[Qg (Msm3/j)]]*1000))*1000000 -> 51.640593 | P218: =(Séparateur[[#This Row],[Qc (sm3/j)]]/(Séparateur[[#This Row],[Qg (Msm3/j)]]*1000))*1000000 -> 4.3033827 | Q218: 0.772 | R218: 0.694 | S218: 340
A219: 64 | B219: HR099 | C219: 45390 | D219: 2130 | E219: 498.442 | F219: 2.16 | G219: 21.6 | H219: 48.676986 | I219: 54.444444 | J219: 87.6 | K219: 63.744789 | L219: non | M219: Déséquipé | N219: =VLOOKUP(Séparateur[[#This Row],[Puits]],Puits!$A$1:$F$267,3,FALSE) -> Centre | O219: =(Séparateur[[#This Row],[Qw (sm3/j)]]/(Séparateur[[#This Row],[Qg (Msm3/j)]]*1000))*1000000 -> 43.335032 | P219: =(Séparateur[[#This Row],[Qc (sm3/j)]]/(Séparateur[[#This Row],[Qg (Msm3/j)]]*1000))*1000000 -> 4.3335032 | Q219: 0.773 | R219: 0.695 | S219: 340
A220: 64 | B220: HR099 | C220: 45390 | D220: 2130 | E220: 311.628 | F220: 0.48 | G220: 1.68 | H220: 53.089631 | I220: 50 | J220: 88.4 | K220: 67.174931 | L220: non | M220: Déséquipé | N220: =VLOOKUP(Séparateur[[#This Row],[Puits]],Puits!$A$1:$F$267,3,FALSE) -> Centre | O220: =(Séparateur[[#This Row],[Qw (sm3/j)]]/(Séparateur[[#This Row],[Qg (Msm3/j)]]*1000))*1000000 -> 5.3910432 | P220: =(Séparateur[[#This Row],[Qc (sm3/j)]]/(Séparateur[[#This Row],[Qg (Msm3/j)]]*1000))*1000000 -> 1.540298 | Q220: 0.774 | R220: 0.695 | S220: 340
... A226: 66 | B226: HRD021 | C226: 45396 | D226: 2150 | E226: 477.80479 | F226: 1.44 | G226: 0.448 | H226: 54.641112 | I226: 54.343 | J226: 84.9 | K226: 64.763145 | L226: non | M226: Déséquipé | N226: =VLOOKUP(Séparateur[[#This Row],[Puits]],Puits!$A$1:$F$267,3,FALSE) -> Sud | O226: =(Séparateur[[#This Row],[Qw (sm3/j)]]/(Séparateur[[#This Row],[Qg (Msm3/j)]]*1000))*1000000 -> 0.93762141 | P226: =(Séparateur[[#This Row],[Qc (sm3/j)]]/(Séparateur[[#This Row],[Qg (Msm3/j)]]*1000))*1000000 -> 3.0137831 | Q226: 0.803 | R226: 0.67 | S226: 30
A227: 67 | B227: HR069 | C227: 45397 | D227: 2150 | E227: 927.70754 | F227: 10.08 | G227: 0.684 | H227: 44.935305 | I227: 55.393 | J227: 82.5 | K227: 59.211486 | L227: oui | M227: Déséquipé | N227: =VLOOKUP(Séparateur[[#This Row],[Puits]],Puits!$A$1:$F$267,3,FALSE) -> Sud | O227: =(Séparateur[[#This Row],[Qw (sm3/j)]]/(Séparateur[[#This Row],[Qg (Msm3/j)]]*1000))*1000000 -> 0.73730133 | P227: =(Séparateur[[#This Row],[Qc (sm3/j)]]/(Séparateur[[#This Row],[Qg (Msm3/j)]]*1000))*1000000 -> 10.865493 | Q227: 0.752 | R227: 0.654 | S227: 68
A228: 67 | B228: HR069 | C228: 45397 | D228: 2150 | E228: 793.7712 | F228: 8.96 | G228: 0.528 | H228: 47.667927 | I228: 56.962333 | J228: 82.9 | K228: 60.623532 | L228: non | M228: Déséquipé | N228: =VLOOKUP(Séparateur[[#This Row],[Puits]],Puits!$A$1:$F$267,3,FALSE) -> Sud | O228: =(Séparateur[[#This Row],[Qw (sm3/j)]]/(Séparateur[[#This Row],[Qg (Msm3/j)]]*1000))*1000000 -> 0.66517909 | P228: =(Séparateur[[#This Row],[Qc (sm3/j)]]/(Séparateur[[#This Row],[Qg (Msm3/j)]]*1000))*1000000 -> 11.287888 | Q228: 0.754 | R228: 0.654 | S228: 68
A229: 67 | B229: HR069 | C229: 45397 | D229: 2150 | E229: 555.15288 | F229: 6.72 | G229: 0.432 | H229: 51.628563 | I229: 55.590333 | J229: 83.3 | K229: 62.782281 | L229: non | M229: Déséquipé | N229: =VLOOKUP(Séparateur[[#This Row],[Puits]],Puits!$A$1:$F$267,3,FALSE) -> Sud | O229: =(Séparateur[[#This Row],[Qw (sm3/j)]]/(Séparateur[[#This Row],[Qg (Msm3/j)]]*1000))*1000000 -> 0.77816402 | P229: =(Séparateur[[#This Row],[Qc (sm3/j)]]/(Séparateur[[#This Row],[Qg (Msm3/j)]]*1000))*1000000 -> 12.104774 | Q229: 0.754 | R229: 0.654 | S229: 68
...

Sheet FGS
A1: Test avec SCADA | H1: Test avec Séparateur Nord et Sud | Q1: Test avec Séparateur Centre
A2: Puits | B2: Date | C2: Qg (Msm3/j) | D2: Côte de mesure (m) | E2: BHP (psi) | F2: BHT (C°) | H2: Puits | I2: Date | J2: Qg (Msm3/j) | K2: Qc (sm3/j) | L2: Qw (sm3/j) | M2: Côte de mesure (m) | N2: BHP (psi) | O2: BHT (C°) | Q2: Puits | R2: Date | S2: Qg (Msm3/j) | T2: Qc (sm3/j) | U2: Qw (sm3/j) | V2: Côte de mesure (m) | W2: BHP (psi) | X2: BHT (C°)
A3: HRD025 | B3: 45321 | C3: 948 | D3: 0 | E3: 672.094 | F3: 17.313 | H3: HR114 | I3: 45327 | J3: 541.869 | K3: 8.64 | L3: 1.12 | M3: 0 | N3: 668.765 | O3: 26.996 | Q3: HR007 | R3: 45433 | S3: 687.262 | T3: 11.9 | U3: 0.69 | V3: 0 | W3: 619.184 | X3: 31.544
A4: HRD025 | B4: 45321 | C4: 948 | D4: 2025 | E4: 865.876 | F4: 76.757 | H4: HR114 | I4: 45327 | J4: 541.869 | K4: 8.64 | L4: 1.12 | M4: 2070 | N4: 995.771 | O4: 86.737 | Q4: HR007 | R4: 45433 | S4: 687.262 | T4: 11.9 | U4: 0.69 | V4: 500 | W4: 616.974 | X4: 63.444
A5: HRD025 | B5: 45321 | C5: 948 | D5: 2075 | E5: 870.382 | F5: 77.829 | H5: HR114 | I5: 45327 | J5: 541.869 | K5: 8.64 | L5: 1.12 | M5: 2120 | N5: 1005.984 | O5: 88.349 | Q5: HR007 | R5: 45433 | S5: 687.262 | T5: 11.9 | U5: 0.69 | V5: 1000 | W5: 812.555 | X5: 77.709
A6: HRD025 | B6: 45321 | C6: 948 | D6: 2126 | E6: 877.551 | F6: 78.761 | H6: HR114 | I6: 45327 | J6: 541.869 | K6: 8.64 | L6: 1.12 | M6: 2170 | N6: 1011.257 | O6: 89.51 | Q6: HR007 | R6: 45433 | S6: 687.262 | T6: 11.9 | U6: 0.69 | V6: 1500 | W6: 898.991 | X6: 82.998
A7: HRD024 | B7: 45322 | C7: 954 | D7: 0 | E7: 556.379 | F7: 15.764 | H7: HR114 | I7: 45327 | J7: 541.869 | K7: 8.64 | L7: 1.12 | M7: 2120 | N7: 1004.809 | O7: 89.362 | Q7: HR007 | R7: 45433 | S7: 687.262 | T7: 11.9 | U7: 0.69 | V7: 2000 | W7: 982.157 | X7: 87.17
A8: HRD024 | B8: 45322 | C8: 954 | D8: 2050 | E8: 744.549 | F8: 78.546 | H8: HR114 | I8: 45327 | J8: 541.869 | K8: 8.64 | L8: 1.12 | M8: 2070 | N8: 997.14 | O8: 89.071 | Q8: HR007 | R8: 45433 | S8: 687.262 | T8: 11.9 | U8: 0.69 | V8: 2115 | W8: 1000.448 | X8: 88.065
A9: HRD024 | B9: 45322 | C9: 954 | D9: 2100 | E9: 748.572 | F9: 79.978 | H9: HR114 | I9: 45327 | J9: 541.869 | K9: 8.64 | L9: 1.12 | M9: 0 | N9: 677.041 | O9: 68.393 | Q9: HR007 | R9: 45433 | S9: 687.262 | T9: 11.9 | U9: 0.69 | V9: 2165 | W9: 1004.453 | X9: 88.381 | Y9: =(W9-W8)*0.068948/(V9-V8) -> 0.0055227348
A10: HRD024 | B10: 45322 | C10: 954 | D10: 2157 | E10: 750.107 | F10: 80.727 | H10: HR114 | I10: 45328 | J10: 378.301 | K10: 5.53 | L10: 0.72 | M10: 0 | N10: 859.43 | O10: 11.9 | Q10: HR010 | R10: 45371 | S10: 601.288 | T10: 5.16 | U10: 0.6 | V10: 0 | W10: 532.715 | X10: 27.137
A11: HR084 | B11: 45323 | C11: 1264 | D11: 0 | E11: 581.652 | F11: 12.992 | H11: HR114 | I11: 45328 | J11: 378.301 | K11: 5.53 | L11: 0.72 | M11: 2070 | N11: 1100.33 | O11: 89.5 | Q11: HR010 | R11: 45371 | S11: 601.288 | T11: 5.16 | U11: 0.6 | V11: 1000 | W11: 596.431 | X11: 71.241
A12: HR084 | B12: 45323 | C12: 1264 | D12: 2080 | E12: 838.873 | F12: 79.692 | H12: HR114 | I12: 45328 | J12: 378.301 | K12: 5.53 | L12: 0.72 | M12: 2120 | N12: 1107.37 | O12: 90.8 | Q12: HR010 | R12: 45371 | S12: 601.288 | T12: 5.16 | U12: 0.6 | V12: 1500 | W12: 629.433 | X12: 77.702
A13: HR084 | B13: 45323 | C13: 1264 | D13: 2130 | E13: 846.466 | F13: 81.177 | H13: HR114 | I13: 45328 | J13: 378.301 | K13: 5.53 | L13: 0.72 | M13: 2170 | N13: 1132.68 | O13: 91.3 | Q13: HR010 | R13: 45371 | S13: 601.288 | T13: 5.16 | U13: 0.6 | V13: 2000 | W13: 661.408 | X13: 81.254
A14: HR084 | B14: 45323 | C14: 1264 | D14: 2182 | E14: 852.537 | F14: 82.345 | H14: HR114 | I14: 45328 | J14: 248.679 | K14: 2.95 | L14: 0.31 | M14: 2170 | N14: 1165.14 | O14: 92.1 | Q14: HR010 | R14: 45371 | S14: 601.288 | T14: 5.16 | U14: 0.6 | V14: 2080 | W14: 666.385 | X14: 82.637
A15: HR088 (2) | B15: 45324 | C15: 320 | D15: 0 | E15: 491.42 | F15: 10.7 | H15: HR114 | I15: 45328 | J15: 248.679 | K15: 2.95 | L15: 0.31 | M15: 2120 | N15: 1160.44 | O15: 91.8 | Q15: HR011 | R15: 06/07/204 | S15: 1146.6023 | T15: 10.2 | U15: 0.43 | V15: 0 | W15: 699.763 | X15: 40.802
A16: HR088 (2) | B16: 45324 | C16: 320 | D16: 1975 | E16: 658.6 | F16: 75.9 | H16: HR114 | I16: 45328 | J16: 248.679 | K16: 2.95 | L16: 0.31 | M16: 2070 | N16: 1155.2 | O16: 91.3 | Q16: HR011 | R16: 45479 | S16: 1146.6023 | T16: 10.2 | U16: 0.43 | V16: 500 | W16: 753.48 | X16: 66.306
A17: HR088 (2) | B17: 45324 | C17: 320 | D17: 2025 | E17: 661.72 | F17: 77.2 | H17: HR114 | I17: 45328 | J17: 248.679 | K17: 2.95 | L17: 0.31 | M17: 0 | N17: 955.2 | O17: 65.3 | Q17: HR011 | R17: 45479 | S17: 1146.6023 | T17: 10.2 | U17: 0.43 | V17: 1000 | W17: 810.968 | X17: 75.279
A18: HR088 (2) | B18: 45324 | C18: 320 | D18: 2075 | E18: 665.35 | F18: 77.5 | H18: HR101 | I18: 45325 | J18: 691.489 | K18: 4.43 | L18: 0.52 | M18: 0 | N18: 728.77 | O18: 22.7 | Q18: HR011 | R18: 45479 | S18: 1146.6023 | T18: 10.2 | U18: 0.43 | V18: 1500 | W18: 866.898 | X18: 81.394
A19: HR088 (2) | B19: 45324 | C19: 320 | D19: 2116 | E19: 666.74 | F19: 77.7 | H19: HR101 | I19: 45325 | J19: 691.489 | K19: 4.43 | L19: 0.52 | M19: 2050 | N19: 899.96 | O19: 85 | Q19: HR011 | R19: 45479 | S19: 1146.6023 | T19: 10.2 | U19: 0.43 | V19: 1750 | W19: 894.012 | X19: 84.538
A20: HR088 (2) | B20: 45324 | C20: 85 | D20: 2116 | E20: 822.47 | F20: 79.6 | H20: HR101 | I20: 45325 | J20: 691.489 | K20: 4.43 | L20: 0.52 | M20: 2100 | N20: 904.32 | O20: 85.6 | Q20: HR011 | R20: 45479 | S20: 1146.6023 | T20: 10.2 | U20: 0.43 | V20: 2000 | W20: 923.909 | X20: 87.357
A21: HR088 (2) | B21: 45324 | C21: 85 | D21: 2075 | E21: 819.9 | F21: 78.8 | H21: HR101 | I21: 45325 | J21: 691.489 | K21: 4.43 | L21: 0.52 | M21: 2140 | N21: 908.61 | O21: 86 | Q21: HR011 | R21: 45479 | S21: 1146.6023 | T21: 10.2 | U21: 0.43 | V21: 2050 | W21: 930.125 | X21: 88.649
A22: HR088 (2) | B22: 45324 | C22: 85 | D22: 2025 | E22: 816.83 | F22: 78.3 | H22: HR101 | I22: 45325 | J22: 691.489 | K22: 4.43 | L22: 0.52 | M22: 2190 | N22: 915.76 | O22: 86.3 | Q22: HR011 | R22: 45479 | S22: 1146.6023 | T22: 10.2 | U22: 0.43 | V22: 2100 | W22: 931.519 | X22: 90.741
A23: HR088 (2) | B23: 45324 | C23: 85 | D23: 1975 | E23: 813.84 | F23: 77.8 | H23: HR101 | I23: 45325 | J23: 524.072 | K23: 2.96 | L23: 0.32 | M23: 2190 | N23: 978.44 | O23: 87.3 | Q23: HR015 | R23: 45367 | S23: 832.537 | T23: 11.04 | U23: 0.78 | V23: 0 | W23: 596.523 | X23: 19.306
A24: HR088 (2) | B24: 45324 | C24: 85 | D24: 0 | E24: 696.11 | F24: 40.5 | H24: HR101 | I24: 45325 | J24: 524.072 | K24: 2.96 | L24: 0.32 | M24: 2140 | N24: 975.5 | O24: 87 | Q24: HR015 | R24: 45367 | S24: 832.537 | T24: 11.04 | U24: 0.78 | V24: 1000 | W24: 677.45 | X24: 58.099
A25: HR110 | B25: 45324 | C25: 251 | D25: 0 | E25: 509.759 | F25: 10.207 | H25: HR101 | I25: 45325 | J25: 524.072 | K25: 2.96 | L25: 0.32 | M25: 2100 | N25: 974.42 | O25: 86.8 | Q25: HR015 | R25: 45367 | S25: 832.537 | T25: 11.04 | U25: 0.78 | V25: 1970 | W25: 760.529 | X25: 77.039
A26: HR110 | B26: 45324 | C26: 251 | D26: 2050 | E26: 766.104 | F26: 82.637 | H26: HR101 | I26: 45325 | J26: 524.072 | K26: 2.96 | L26: 0.32 | M26: 2050 | N26: 972.46 | O26: 86.5 | Q26: HR015 | R26: 45367 | S26: 832.537 | T26: 11.04 | U26: 0.78 | V26: 2020 | W26: 766.954 | X26: 81.397
A27: HR110 | B27: 45324 | C27: 251 | D27: 2100 | E27: 771.079 | F27: 84.713 | H27: HR101 | I27: 45325 | J27: 524.072 | K27: 2.96 | L27: 0.32 | M27: 0 | N27: 827.13 | O27: 39.8 | Q27: HR015 | R27: 45367 | S27: 832.537 | T27: 11.04 | U27: 0.78 | V27: 2070 | W27: 771.158 | X27: 85.823
... A95: HR075 | B95: 45496 | C95: 1498 | D95: 2000 | E95: 825.691 | F95: 78.464 | H95: HR157 | I95: 45581 | J95: 252.624 | K95: 1.12 | L95: 0.05 | M95: 2120 | N95: 641.979 | O95: 79.905 | Q95: HR025 | R95: 45475 | S95: 280.68563 | T95: 6.1536 | U95: 0.4512 | V95: 0 | W95: 489 | X95: 35.64
A96: HR075 | B96: 45496 | C96: 1498 | D96: 2050 | E96: 832.237 | F96: 80.918 | Q96: HR025 | R96: 45475 | S96: 280.68563 | T96: 6.1536 | U96: 0.4512 | V96: 500 | W96: 535.461 | X96: 53.203
A97: HR075 | B97: 45496 | C97: 1498 | D97: 2100 | E97: 838.861 | F97: 82.092 | Q97: HR025 | R97: 45475 | S97: 280.68563 | T97: 6.1536 | U97: 0.4512 | V97: 1000 | W97: 579.322 | X97: 64.937
A98: HR075 | B98: 45496 | C98: 1498 | D98: 2160 | E98: 845.131 | F98: 83.436 | Q98: HR025 | R98: 45475 | S98: 280.68563 | T98: 6.1536 | U98: 0.4512 | V98: 1500 | W98: 617.458 | X98: 73.468
Q99: HR025 | R99: 45475 | S99: 280.68563 | T99: 6.1536 | U99: 0.4512 | V99: 2070 | W99: 659.428 | X99: 79.298
Q100: HR025 | R100: 45475 | S100: 280.68563 | T100: 6.1536 | U100: 0.4512 | V100: 2120 | W100: 662.888 | X100: 81.657
Q101: HR025 | R101: 45475 | S101: 280.68563 | T101: 6.1536 | U101: 0.4512 | V101: 2170 | W101: 667.856 | X101: 84.207
Q102: HR026 | R102: 45458 | S102: 703.02965 | T102: 2.832 | U102: 0.6144 | V102: 0 | W102: 575.041 | X102: 33.983
Q103: HR026 | R103: 45458 | S103: 703.02965 | T103: 2.832 | U103: 0.6144 | V103: 500 | W103: 612.805 | X103: 71.519
Q104: HR026 | R104: 45458 | S104: 703.02965 | T104: 2.832 | U104: 0.6144 | V104: 1000 | W104: 650.238 | X104: 77.764
Q105: HR026 | R105: 45458 | S105: 703.02965 | T105: 2.832 | U105: 0.6144 | V105: 1500 | W105: 686.557 | X105: 82.344
Q106: HR026 | R106: 45458 | S106: 703.02965 | T106: 2.832 | U106: 0.6144 | V106: 1980 | W106: 721.279 | X106: 85.415
Q107: HR026 | R107: 45458 | S107: 703.02965 | T107: 2.832 | U107: 0.6144 | V107: 2030 | W107: 726.41 | X107: 85.903
Q108: HR027 | R108: 45344 | S108: 740.279 | T108: 4.34 | U108: 0.72 | V108: 0 | W108: 593.46 | X108: 21
Q109: HR027 | R109: 45344 | S109: 740.279 | T109: 4.34 | U109: 0.72 | V109: 1000 | W109: 673.39 | X109: 76.3
Q110: HR027 | R110: 45344 | S110: 740.279 | T110: 4.34 | U110: 0.72 | V110: 2040 | W110: 757.74 | X110: 85.7
... Q1085: HR057 (2) | R1085: 45564 | S1085: 177.245 | T1085: 1.36 | U1085: 2 | V1085: 0 | W1085: 478.246 | X1085: 60.585
